/*
SQLyog Professional v12.5.1 (64 bit)
MySQL - 10.4.28-MariaDB : Database - doctrack
*********************************************************************
*/

/*!40101 SET NAMES utf8 */;

/*!40101 SET SQL_MODE=''*/;

/*!40014 SET @OLD_UNIQUE_CHECKS=@@UNIQUE_CHECKS, UNIQUE_CHECKS=0 */;
/*!40014 SET @OLD_FOREIGN_KEY_CHECKS=@@FOREIGN_KEY_CHECKS, FOREIGN_KEY_CHECKS=0 */;
/*!40101 SET @OLD_SQL_MODE=@@SQL_MODE, SQL_MODE='NO_AUTO_VALUE_ON_ZERO' */;
/*!40111 SET @OLD_SQL_NOTES=@@SQL_NOTES, SQL_NOTES=0 */;
CREATE DATABASE /*!32312 IF NOT EXISTS*/`doctrack` /*!40100 DEFAULT CHARACTER SET utf8mb4 COLLATE utf8mb4_general_ci */;

USE `doctrack`;

/*Table structure for table `ad_click_cnt` */

DROP TABLE IF EXISTS `ad_click_cnt`;

CREATE TABLE `ad_click_cnt` (
  `id` int(11) NOT NULL AUTO_INCREMENT,
  `cid` varchar(30) NOT NULL,
  `clicked_cid` varchar(30) NOT NULL,
  `clicked_at` datetime NOT NULL DEFAULT current_timestamp(),
  PRIMARY KEY (`id`)
) ENGINE=InnoDB AUTO_INCREMENT=31 DEFAULT CHARSET=utf8 COLLATE=utf8_general_ci;

/*Data for the table `ad_click_cnt` */

insert  into `ad_click_cnt`(`id`,`cid`,`clicked_cid`,`clicked_at`) values 
(1,'o3xrw','a','2023-02-15 13:20:33'),
(2,'o3xrw','a','2023-03-27 13:20:33'),
(3,'o3xrw','a','2023-03-27 13:20:33'),
(4,'azx1f','o3xrw','2023-03-29 13:31:35'),
(5,'azx1f','o3xrw','2023-05-10 14:30:28'),
(6,'azx1f','o3xrw','2023-05-10 14:43:46'),
(7,'azx1f','o3xrw','2023-05-10 14:48:08'),
(8,'azx1f','o3xrw','2023-05-10 14:59:46'),
(9,'azx1f','o3xrw','2023-05-10 15:28:14'),
(10,'azx1f','o3xrw','2023-05-22 10:09:07'),
(11,'azx1f','o3xrw','2023-05-22 10:09:09'),
(12,'azx1f','o3xrw','2023-06-03 01:42:29'),
(13,'azx1f','o3xrw','2023-06-09 10:06:20'),
(14,'azx1f','o3xrw','2023-06-09 10:07:43'),
(15,'azx1f','o3xrw','2023-07-07 06:29:31'),
(16,'o3xrw','super08','2023-07-13 23:03:30'),
(17,'','ooo','2023-07-17 23:03:37'),
(18,'','test','2023-07-19 04:25:25'),
(19,'3tpig','789','2023-07-20 02:40:18'),
(20,'','testtest','2023-07-21 02:00:12'),
(21,'','ooo','2023-07-21 22:20:16'),
(22,'','testtest','2023-07-24 00:35:32'),
(23,'','testtest','2023-07-27 16:37:18'),
(24,'','testtest','2023-07-28 21:36:05'),
(25,'','testtest','2023-08-01 13:03:49'),
(26,'','testtest','2023-08-01 20:14:44'),
(27,'','testtest','2023-08-02 19:05:25'),
(28,'','testtest','2023-08-08 14:55:31'),
(29,'','testtest','2023-08-17 20:23:22'),
(30,'','testtest','2023-08-21 23:26:25');

/*Table structure for table `ad_common_setting` */

DROP TABLE IF EXISTS `ad_common_setting`;

CREATE TABLE `ad_common_setting` (
  `id` int(1) NOT NULL AUTO_INCREMENT,
  `url` varchar(300) DEFAULT NULL,
  `file_name` varchar(300) DEFAULT NULL,
  `created_at` timestamp NOT NULL DEFAULT current_timestamp(),
  `updated_at` timestamp NOT NULL DEFAULT current_timestamp(),
  KEY `id` (`id`)
) ENGINE=InnoDB AUTO_INCREMENT=2 DEFAULT CHARSET=utf8mb4 COLLATE=utf8mb4_general_ci;

/*Data for the table `ad_common_setting` */

insert  into `ad_common_setting`(`id`,`url`,`file_name`,`created_at`,`updated_at`) values 
(1,'https://fanqcall.com/','aspic_iot_ai_cloud_award_2022_logo_round.jpg','2023-06-09 22:48:32','2023-08-08 10:49:54');

/*Table structure for table `ad_setting` */

DROP TABLE IF EXISTS `ad_setting`;

CREATE TABLE `ad_setting` (
  `cid` varchar(11) NOT NULL,
  `url` varchar(100) NOT NULL,
  `file_name` varchar(50) NOT NULL,
  `created_at` datetime NOT NULL DEFAULT current_timestamp(),
  `updated_at` datetime NOT NULL DEFAULT current_timestamp(),
  UNIQUE KEY `cid` (`cid`)
) ENGINE=InnoDB DEFAULT CHARSET=utf8 COLLATE=utf8_general_ci;

/*Data for the table `ad_setting` */

insert  into `ad_setting`(`cid`,`url`,`file_name`,`created_at`,`updated_at`) values 
('azx1f','https://aaa.com','投資の基礎を学べるオンラインセミナー.PNG','2023-03-29 00:39:28','2023-03-29 12:59:57'),
('o3xrw','https://rosty.com','client_ad_setting.jpg','2023-03-29 13:12:42','2023-08-08 00:40:02'),
('ooo','https://aaa.com','kaku.jpg','2023-08-08 01:38:30','2023-08-08 01:38:30');

/*Table structure for table `basic_info` */

DROP TABLE IF EXISTS `basic_info`;

CREATE TABLE `basic_info` (
  `id` int(7) unsigned NOT NULL AUTO_INCREMENT,
  `user_id` varchar(30) DEFAULT NULL,
  `cid` varchar(30) NOT NULL,
  `company_name` varchar(40) DEFAULT NULL,
  `company_name_hira` varchar(40) DEFAULT NULL,
  `manager_name` varchar(30) DEFAULT NULL,
  `manager_name_hira` varchar(30) DEFAULT NULL,
  `depart_name` varchar(30) DEFAULT NULL,
  `director` varchar(30) DEFAULT NULL,
  `post` varchar(30) DEFAULT NULL,
  `address` varchar(30) DEFAULT NULL,
  `tel` varchar(30) DEFAULT NULL,
  `email` varchar(30) DEFAULT NULL,
  `website` varchar(200) DEFAULT NULL,
  `staff_num` int(7) DEFAULT NULL,
  `title` varchar(100) DEFAULT NULL,
  KEY `id` (`id`)
) ENGINE=InnoDB AUTO_INCREMENT=29 DEFAULT CHARSET=utf8mb4 COLLATE=utf8mb4_general_ci;

/*Data for the table `basic_info` */

insert  into `basic_info`(`id`,`user_id`,`cid`,`company_name`,`company_name_hira`,`manager_name`,`manager_name_hira`,`depart_name`,`director`,`post`,`address`,`tel`,`email`,`website`,`staff_num`,`title`) values 
(1,'','o3xrw','株式会社あ','あ','安藤杏','アンドウアン','','','','','','','',0,''),
(2,NULL,'qqq',NULL,NULL,NULL,NULL,NULL,NULL,NULL,NULL,NULL,NULL,NULL,NULL,NULL),
(3,NULL,'test78',NULL,NULL,NULL,NULL,NULL,NULL,NULL,NULL,NULL,NULL,NULL,NULL,NULL),
(4,NULL,'ooo','R.O.STYLE合同会社','アールオースタイルゴウドウガイシャ','奥野隆太','オクノリュウタ','','','','','','','',0,''),
(5,NULL,'super',NULL,NULL,NULL,NULL,NULL,NULL,NULL,NULL,NULL,NULL,NULL,NULL,NULL),
(6,NULL,'www',NULL,NULL,NULL,NULL,NULL,NULL,NULL,NULL,NULL,NULL,NULL,NULL,NULL),
(7,NULL,'www',NULL,NULL,NULL,NULL,NULL,NULL,NULL,NULL,NULL,NULL,NULL,NULL,NULL),
(8,NULL,'super12',NULL,NULL,NULL,NULL,NULL,NULL,NULL,NULL,NULL,NULL,NULL,NULL,NULL),
(9,NULL,'seos',NULL,NULL,NULL,NULL,NULL,NULL,NULL,NULL,NULL,NULL,NULL,NULL,NULL),
(10,NULL,'super123',NULL,NULL,NULL,NULL,NULL,NULL,NULL,NULL,NULL,NULL,NULL,NULL,NULL),
(11,NULL,'12345',NULL,NULL,NULL,NULL,NULL,NULL,NULL,NULL,NULL,NULL,NULL,NULL,NULL),
(12,NULL,'global-coms',NULL,NULL,NULL,NULL,NULL,NULL,NULL,NULL,NULL,NULL,NULL,NULL,NULL),
(13,NULL,'global-coms',NULL,NULL,NULL,NULL,NULL,NULL,NULL,NULL,NULL,NULL,NULL,NULL,NULL),
(14,NULL,'444',NULL,NULL,NULL,NULL,NULL,NULL,NULL,NULL,NULL,NULL,NULL,NULL,NULL),
(15,NULL,'global-com',NULL,NULL,NULL,NULL,NULL,NULL,NULL,NULL,NULL,NULL,NULL,NULL,NULL),
(16,NULL,'super-com',NULL,NULL,NULL,NULL,NULL,NULL,NULL,NULL,NULL,NULL,NULL,NULL,NULL),
(17,NULL,'super42',NULL,NULL,NULL,NULL,NULL,NULL,NULL,NULL,NULL,NULL,NULL,NULL,NULL),
(18,NULL,'super42',NULL,NULL,NULL,NULL,NULL,NULL,NULL,NULL,NULL,NULL,NULL,NULL,NULL),
(19,NULL,'super08',NULL,NULL,NULL,NULL,NULL,NULL,NULL,NULL,NULL,NULL,NULL,NULL,NULL),
(20,NULL,'global-com1',NULL,NULL,NULL,NULL,NULL,NULL,NULL,NULL,NULL,NULL,NULL,NULL,NULL),
(21,NULL,'super08',NULL,NULL,NULL,NULL,NULL,NULL,NULL,NULL,NULL,NULL,NULL,NULL,NULL),
(22,NULL,'33',NULL,NULL,NULL,NULL,NULL,NULL,NULL,NULL,NULL,NULL,NULL,NULL,NULL),
(23,NULL,'testtest','株式会社ジーシー','かぶしきがいしゃ　じーしー','太田陽平','おおたようへい','経営企画部','代表取締役','169-0072','東京都新宿区大久保2-10-2山崎ビル3F','03-4226-3014','info@global-coms.biz','https://global-coms.biz/',30,'コールセンター活用のご提案'),
(24,NULL,'789',NULL,NULL,NULL,NULL,NULL,NULL,NULL,NULL,NULL,NULL,NULL,NULL,NULL),
(25,NULL,'testtesttest','株式会社あああ','かぶしきがいしゃあああ','山下恵子','やましたけいこ','','','','','','','',0,''),
(26,NULL,'888',NULL,NULL,NULL,NULL,NULL,NULL,NULL,NULL,NULL,NULL,NULL,NULL,NULL),
(27,NULL,'xincx',NULL,NULL,NULL,NULL,NULL,NULL,NULL,NULL,NULL,NULL,NULL,NULL,NULL),
(28,NULL,'sales-of-soul',NULL,NULL,NULL,NULL,NULL,NULL,NULL,NULL,NULL,NULL,NULL,NULL,NULL);

/*Table structure for table `basicsettings` */

DROP TABLE IF EXISTS `basicsettings`;

CREATE TABLE `basicsettings` (
  `id` int(11) NOT NULL AUTO_INCREMENT,
  `send_limit` int(7) NOT NULL,
  `send_limit_type` int(1) DEFAULT 0,
  `max_froms` int(7) NOT NULL,
  `max_froms_type` int(1) DEFAULT 0,
  `max_temp` int(7) NOT NULL,
  `max_temp_type` int(1) DEFAULT 0,
  `max_pdfs` int(7) NOT NULL,
  `max_pdfs_type` int(1) DEFAULT 0,
  `max_redirects` int(7) NOT NULL,
  `max_redirects_type` int(1) DEFAULT 0,
  `max_pops` int(7) NOT NULL,
  `max_pops_type` int(1) DEFAULT 0,
  KEY `id` (`id`)
) ENGINE=InnoDB AUTO_INCREMENT=2 DEFAULT CHARSET=utf8mb4 COLLATE=utf8mb4_unicode_ci;

/*Data for the table `basicsettings` */

insert  into `basicsettings`(`id`,`send_limit`,`send_limit_type`,`max_froms`,`max_froms_type`,`max_temp`,`max_temp_type`,`max_pdfs`,`max_pdfs_type`,`max_redirects`,`max_redirects_type`,`max_pops`,`max_pops_type`) values 
(1,300,0,1,1,3,1,1,1,1,1,1,1);

/*Table structure for table `clients` */

DROP TABLE IF EXISTS `clients`;

CREATE TABLE `clients` (
  `id` varchar(50) DEFAULT NULL,
  `name` varchar(30) DEFAULT NULL,
  `name_hira` varchar(30) DEFAULT NULL,
  `email` varchar(50) DEFAULT NULL,
  `gender` varchar(20) DEFAULT NULL,
  `age_group` varchar(20) DEFAULT NULL,
  `industry` varchar(30) DEFAULT NULL,
  `region` varchar(20) DEFAULT NULL,
  `organ_rules` varchar(30) DEFAULT NULL,
  `problem` varchar(30) DEFAULT NULL,
  `tel` varchar(20) DEFAULT NULL,
  `manager` varchar(30) DEFAULT NULL,
  `manager_hira` varchar(30) DEFAULT NULL,
  `depart_name` varchar(30) DEFAULT NULL,
  `director` varchar(30) DEFAULT NULL,
  `post` varchar(10) DEFAULT NULL,
  `address` varchar(30) DEFAULT NULL,
  `website` varchar(50) DEFAULT NULL,
  `staff_num` int(7) DEFAULT NULL,
  `title` varchar(30) DEFAULT NULL,
  `subdomain` varchar(30) DEFAULT NULL,
  `password` varchar(100) DEFAULT NULL,
  `login_id` varchar(30) DEFAULT NULL,
  `login_pw` varchar(30) DEFAULT NULL,
  `status` varchar(10) DEFAULT '未登録',
  `send_limit` int(7) DEFAULT NULL,
  `send_limit_type` int(1) DEFAULT 0,
  `max_froms` int(7) DEFAULT NULL,
  `max_froms_type` int(1) DEFAULT 0,
  `max_temp` int(7) DEFAULT NULL,
  `max_temp_type` int(1) DEFAULT 0,
  `max_pdfs` int(7) DEFAULT NULL,
  `max_pdfs_type` int(1) DEFAULT 0,
  `max_redirects` int(7) DEFAULT NULL,
  `max_redirects_type` int(1) DEFAULT 0,
  `max_pops` int(7) DEFAULT NULL,
  `max_pops_type` int(1) DEFAULT 0,
  `insert_code` varchar(300) DEFAULT NULL,
  `insert_code_pdf` varchar(300) DEFAULT NULL,
  `insert_code_redl` varchar(300) DEFAULT NULL,
  `ref` varchar(30) DEFAULT NULL,
  `token` varchar(100) DEFAULT NULL,
  `expiry_time` datetime DEFAULT NULL,
  `ad_display` varchar(3) DEFAULT 'ON',
  `license_display` varchar(3) DEFAULT 'ON',
  `license_clicks` int(7) DEFAULT 0,
  `temp_display` varchar(3) DEFAULT 'OFF',
  `admin_memo` text DEFAULT NULL,
  `staff_memo` text DEFAULT NULL,
  `created_at` timestamp NOT NULL DEFAULT current_timestamp(),
  `updated_at` timestamp NOT NULL DEFAULT current_timestamp(),
  UNIQUE KEY `id` (`id`)
) ENGINE=InnoDB DEFAULT CHARSET=utf8 COLLATE=utf8_general_ci;

/*Data for the table `clients` */

insert  into `clients`(`id`,`name`,`name_hira`,`email`,`gender`,`age_group`,`industry`,`region`,`organ_rules`,`problem`,`tel`,`manager`,`manager_hira`,`depart_name`,`director`,`post`,`address`,`website`,`staff_num`,`title`,`subdomain`,`password`,`login_id`,`login_pw`,`status`,`send_limit`,`send_limit_type`,`max_froms`,`max_froms_type`,`max_temp`,`max_temp_type`,`max_pdfs`,`max_pdfs_type`,`max_redirects`,`max_redirects_type`,`max_pops`,`max_pops_type`,`insert_code`,`insert_code_pdf`,`insert_code_redl`,`ref`,`token`,`expiry_time`,`ad_display`,`license_display`,`license_clicks`,`temp_display`,`admin_memo`,`staff_memo`,`created_at`,`updated_at`) values 
('10001','株式会社テスト',NULL,'test123123@gmail.com',NULL,NULL,NULL,NULL,NULL,NULL,'','',NULL,NULL,NULL,NULL,NULL,NULL,NULL,NULL,NULL,'$2y$10$rLloQeiKi/jtBu5J7WRnA.zPGzEM76VCbLR/y6KOkpe.4eI/pf.xS','','','メール認証待',20,1,3,1,20,0,20,1,10,0,0,0,NULL,NULL,NULL,NULL,'2q1vfhtd9o8serg6','2023-06-24 01:27:04','ON','ON',0,'OFF','','','2022-12-16 22:40:58','2023-05-04 00:12:10'),
('3tpig','株式会社ジーシー',NULL,'youhei_0525@hotmail.co.jp',NULL,NULL,NULL,NULL,NULL,NULL,'080123456','太田',NULL,NULL,NULL,NULL,NULL,NULL,NULL,NULL,'test1234','$2y$10$xQfuQpiWROncrSTw/B7ATeI0UtgJFouVdfomc0gz3Zs6j8LToz2Ai','','','無料プラン',0,0,0,0,0,0,0,0,0,0,0,0,NULL,NULL,NULL,'ugxw9',NULL,NULL,'ON','ON',0,'OFF',NULL,NULL,'2023-05-24 14:40:54','2023-05-24 14:40:54'),
('o3xrw','sdfasd',NULL,'superstar0601.dev@gmail.com','男性','30','ITサービス\r\n','北海道','test','【EC/通販】 集客効率・LTVを高めたい\r\n','1654121321654','asdf',NULL,'営業・販売','役員（取締役）',NULL,NULL,NULL,NULL,NULL,NULL,'$2y$10$DVuzjqtsF3EfjLTnYOz28O2t5UAqmRBWdNjECFpMUXEEk1wfJjMpW','','','無料プラン',50,1,20,1,30,1,10,0,30,1,20,1,NULL,NULL,NULL,'asdf','wp7xcqbev2z5','2023-05-15 10:18:51','ON','ON',0,'ON',NULL,NULL,'2023-05-15 23:08:51','2023-05-15 23:08:51'),
('ooo','a',NULL,'rostyle95+12345@gmail.com','男性','30','コンサルティング\r\n','神奈川県\r\n',NULL,'1 4 7 10','a','a',NULL,'営業・販売','経営者',NULL,NULL,NULL,1,NULL,'ooo','$2y$10$rmXbqc0vFqszkGfvp4mav./CM32bjZuJCTN2WEQRwoWiE7HqCtxIi','','','無料プラン',50,1,15,1,11,1,10,0,30,1,20,1,NULL,NULL,NULL,'','aum49v8lze0dxo6y','2023-07-09 19:23:25','ON','ON',1,'OFF','','','2023-03-30 22:35:36','2023-07-08 19:23:42'),
('qqq','a',NULL,'rostyle95+113334@gmail.com',NULL,NULL,NULL,NULL,NULL,NULL,'090111112222','a',NULL,NULL,NULL,NULL,NULL,NULL,NULL,NULL,'qqq','$2y$10$/QZ25G/n0uuL4DLYJkmAW.K.LhZr3YELtvANe9NnE8Dy.NoowxDs2','','','無料プラン',50,1,20,1,30,1,10,0,30,1,20,1,NULL,NULL,NULL,'','tmpz1l26jbg7','2023-07-09 09:38:22','ON','ON',0,'OFF',NULL,NULL,'2023-01-04 23:34:16','2023-07-08 09:39:00'),
('test78','aa','かぶしきがいしゃううううう','rostyle95+1234@gmail.com',NULL,NULL,NULL,NULL,NULL,NULL,'aa','aa',NULL,NULL,NULL,NULL,NULL,NULL,NULL,NULL,'test78','$2y$10$2/.RPnXY0QVOL590GBh/teie.Ofqr0NfLqwFqphx0XLNxen1j7fny','','','無料プラン',50,1,20,1,30,1,10,0,30,1,20,1,NULL,NULL,NULL,'o3xrw','p3exjahzqymvlf24','2023-07-09 17:17:37','ON','ON',0,'OFF','','','2023-01-05 04:17:13','2023-07-08 17:17:59'),
('www','w',NULL,'rostyle95+11111@gmail.com',NULL,NULL,NULL,NULL,NULL,NULL,'w','w',NULL,NULL,NULL,NULL,NULL,NULL,NULL,NULL,'www','$2y$10$Qfl6Y7xFIuVqPgeke5jtQ.oj53tHaajd1LnPW.ZCl13clO/HA3c5i',NULL,NULL,'無料プラン',50,1,20,1,30,1,10,0,30,1,20,1,NULL,NULL,NULL,'w','jfhir23c0k1euq6a','2023-07-13 00:35:42','ON','ON',0,'OFF',NULL,NULL,'2023-07-12 00:35:42','2023-07-12 00:35:55'),
('12345','a',NULL,'rostyle95+123456@gmail.com',NULL,NULL,NULL,NULL,NULL,NULL,'a','a',NULL,NULL,NULL,NULL,NULL,NULL,NULL,NULL,'12345','$2y$10$1oTGd82i4RyZi/JqkwAeQufCqMDRXoVnwpMsm1rz8AdNUQlu0IPTq',NULL,NULL,'無料プラン',50,1,20,1,30,1,10,0,30,1,20,1,NULL,NULL,NULL,'','djr6vbg3osi820an','2023-07-13 18:17:01','ON','ON',0,'OFF',NULL,NULL,'2023-07-12 18:17:01','2023-07-12 18:17:18'),
('global-coms','株式会社ジーシー',NULL,'arara_dameda@yahoo.co.jp',NULL,NULL,NULL,NULL,NULL,NULL,'0342263014','太田陽平',NULL,NULL,NULL,NULL,NULL,NULL,NULL,NULL,'global-coms','$2y$10$DVuzjqtsF3EfjLTnYOz28O2t5UAqmRBWdNjECFpMUXEEk1wfJjMpW',NULL,NULL,'無料プラン',50,1,20,1,30,1,10,0,30,1,20,1,NULL,NULL,NULL,'','l3e8pq4zknsv','2023-07-14 12:55:19','ON','ON',0,'OFF',NULL,NULL,'2023-07-13 12:55:19','2023-07-13 12:56:28'),
('444','4',NULL,'rostyle95+444@gmail.com',NULL,NULL,NULL,NULL,NULL,NULL,'4','4',NULL,NULL,NULL,NULL,NULL,NULL,NULL,NULL,'444','$2y$10$KeXP76egTWQiUGGasmxTuOK.URDPfZzVazWyBbO4ZUh46v0Q/d2iW',NULL,NULL,'無料プラン',50,1,20,1,30,1,10,0,30,1,20,1,NULL,NULL,NULL,'','ypg2s9dzq8uexlck','2023-07-14 13:26:55','ON','ON',0,'OFF',NULL,NULL,'2023-07-13 13:26:55','2023-07-13 13:27:06'),
(NULL,NULL,NULL,'superstar0601.dev+22@gmail.com',NULL,NULL,NULL,NULL,NULL,NULL,NULL,NULL,NULL,NULL,NULL,NULL,NULL,NULL,NULL,NULL,NULL,'$2y$10$ASvlNVOBMQrnfoF2AcPACOPOl.Ahy3xcCrFPXwXl4JjUqFqeDlvse',NULL,NULL,'未登録',NULL,0,NULL,0,NULL,0,NULL,0,NULL,0,NULL,0,NULL,NULL,NULL,'o3xrw','d9i3qzv4wyltf6p7','2023-07-15 11:48:24','ON','ON',0,'OFF',NULL,NULL,'2023-07-14 11:48:24','2023-07-14 11:48:24'),
('super08',NULL,NULL,'superstar0601.dev+23@gmail.com',NULL,NULL,NULL,NULL,NULL,NULL,NULL,NULL,NULL,NULL,NULL,NULL,NULL,NULL,NULL,NULL,'super08','$2y$10$rvvgZ5O1wqF.Im/y85TgM.Rz0JpXrvdMEzmF0fBEIkFHG2jZ.RovC','',NULL,'無料プラン',50,1,20,1,30,1,10,0,30,1,20,1,NULL,NULL,NULL,'o3xrw','46t8bs70hnfimvgo','2023-07-15 11:50:05','ON','ON',0,'OFF','','','2023-07-14 11:50:05','2023-07-15 20:58:17'),
('33','3',NULL,'rostyle95+33@gmail.com',NULL,NULL,NULL,NULL,NULL,NULL,'08012345673','3',NULL,NULL,NULL,NULL,NULL,NULL,NULL,NULL,'33','$2y$10$Q6wHx3fvkGkjS3L0178DLOE7z4Jvqood5l2dDX/iWuu/jAAFItJTG',NULL,NULL,'無料プラン',50,1,20,1,30,1,10,0,30,1,20,1,NULL,NULL,NULL,'o3xrw','6vyui308b4tl','2023-07-16 07:35:38','ON','ON',0,'OFF',NULL,NULL,'2023-07-15 07:35:38','2023-07-15 07:35:52'),
('testtest','株式会社テスト1234',NULL,'contact@global-coms.biz','','20','アウトソーシング','東京都\r\n',NULL,'7 10','123456789','テスト',NULL,'営業・販売','経営者',NULL,NULL,NULL,3,NULL,'testtest','$2y$10$CVxFSwlyZkcEo4OAOxYnsOTnczGLhexDDmlAjxmD//WD3N0kvIccy',NULL,NULL,'無料プラン',100,1,20,1,10,1,10,0,30,1,20,1,NULL,NULL,NULL,'','xmpgbf7qkyil','2023-07-19 11:24:46','ON','ON',14,'ON',NULL,NULL,'2023-07-18 11:24:46','2023-07-18 11:24:59'),
('789','株式会社ううううう',NULL,'info@maru-nage.biz',NULL,NULL,NULL,NULL,NULL,NULL,'05011112222','オオタヨウヘイ',NULL,NULL,NULL,NULL,NULL,NULL,NULL,NULL,'789','$2y$10$0VIG5I4bi8/P1JNx.Z9e.e5p.w3rT3mSHjmu0kge63l0mX.ACgJ6u',NULL,NULL,'無料プラン',50,1,20,1,30,1,10,0,30,1,20,1,NULL,NULL,NULL,'3tpig','f4zq021ugb6drej9','2023-07-19 11:36:18','ON','ON',0,'OFF',NULL,NULL,'2023-07-18 11:36:18','2023-07-18 11:36:51'),
('test',NULL,NULL,'test@gmail.com',NULL,NULL,NULL,NULL,NULL,NULL,NULL,NULL,NULL,NULL,NULL,NULL,NULL,NULL,NULL,NULL,'test','$2y$10$rmXbqc0vFqszkGfvp4mav./CM32bjZuJCTN2WEQRwoWiE7HqCtxIi','1234','','無料プラン',50,1,20,1,30,1,10,0,30,1,20,1,NULL,NULL,NULL,'','aum49v8lze0dxo6y','2023-07-19 12:03:03','ON','ON',0,'OFF','','','2023-03-30 22:35:36','2023-07-21 04:40:45'),
('testtesttest',NULL,NULL,'superstar0601.dev+10@gmail.com',NULL,NULL,NULL,NULL,NULL,NULL,NULL,NULL,NULL,NULL,NULL,NULL,NULL,NULL,NULL,NULL,'testtesttest','$2y$10$xviliOLKML7Ub7wROFfYx.u5PILiFMGKo6Tzyjepnds4omj7KhYYi','',NULL,'無料プラン',50,1,20,1,30,1,10,0,30,1,20,1,NULL,NULL,NULL,'','7s2ad1iwy4qxjnhm','2023-07-25 17:24:14','ON','ON',0,'OFF','','','2023-07-24 17:24:14','2023-07-25 11:51:51'),
('888','8',NULL,'rostyle95+888@gmail.com',NULL,NULL,NULL,NULL,NULL,NULL,'8','8',NULL,NULL,NULL,NULL,NULL,NULL,NULL,NULL,'888','$2y$10$sc5J2871MrwTbtLjQeUmu.a3SVwWawshp0ZsHND.rRIBp4I8L5nFq',NULL,NULL,'無料プラン',49,1,20,1,30,1,10,0,30,1,20,1,NULL,NULL,NULL,'','l7osdekf8wu4q1xz','2023-07-27 11:45:47','ON','ON',0,'OFF',NULL,NULL,'2023-07-26 11:45:47','2023-07-26 11:45:57'),
(NULL,NULL,NULL,NULL,NULL,NULL,NULL,NULL,NULL,NULL,NULL,NULL,NULL,NULL,NULL,NULL,NULL,NULL,NULL,NULL,NULL,'$2y$10$jAIaL0TzTjnIa5vyxeOSDeViXBn9RQtvZ2YVS6rqXEG1d2P.cyl2a',NULL,NULL,'未登録',NULL,0,NULL,0,NULL,0,NULL,0,NULL,0,NULL,0,NULL,NULL,NULL,NULL,'z890e7jrokw14ct6','2023-08-02 16:54:25','ON','ON',0,'OFF',NULL,NULL,'2023-08-01 16:54:25','2023-08-01 16:54:25'),
('xincx','ジンクス',NULL,'info@xincx.jp',NULL,NULL,NULL,NULL,NULL,NULL,'13245678','太田',NULL,NULL,NULL,NULL,NULL,NULL,NULL,NULL,'xincx','$2y$10$VoyAwvCe2r2s24BRGA9BAOEt1A4DyC.dzCPVxWV5pKFpkU/PAaDNi',NULL,NULL,'無料プラン',300,0,1,1,3,1,1,1,1,1,1,1,NULL,NULL,NULL,'','wjporcngtbim6hkf','2023-08-08 11:24:24','ON','ON',0,'OFF',NULL,NULL,'2023-08-07 11:24:24','2023-08-07 11:25:31'),
(NULL,NULL,NULL,'info@el-com.biz',NULL,NULL,NULL,NULL,NULL,NULL,NULL,NULL,NULL,NULL,NULL,NULL,NULL,NULL,NULL,NULL,NULL,'$2y$10$ukIauZI5BHx4JFXZfGGFY.cU9vxvtbcuaWlnQKkCywZxOrmuiEbR.',NULL,NULL,'未登録',NULL,0,NULL,0,NULL,0,NULL,0,NULL,0,NULL,0,NULL,NULL,NULL,'testtest','5gwud3afsx97krml','2023-08-08 11:29:21','ON','ON',0,'OFF',NULL,NULL,'2023-08-07 11:29:21','2023-08-07 11:29:54'),
('sales-of-soul','株式会社セールス　オブ　ソウル',NULL,'kiamoto98789@gmail.com',NULL,NULL,NULL,NULL,NULL,NULL,'09086875280','平野智章',NULL,NULL,NULL,NULL,NULL,NULL,NULL,NULL,'sales-of-soul','$2y$10$s8yOSIVfVmrWs374kdHPdeGB4mhvQwWnf/baxguiW0ljKpNGypnMO',NULL,NULL,'無料プラン',300,0,1,1,3,1,1,1,1,1,1,1,NULL,NULL,NULL,'','pqknwjy4rs2g1x0l','2023-08-10 21:56:58','ON','ON',0,'OFF',NULL,NULL,'2023-08-09 12:56:58','2023-08-09 12:57:17');

/*Table structure for table `department` */

DROP TABLE IF EXISTS `department`;

CREATE TABLE `department` (
  `id` int(10) NOT NULL AUTO_INCREMENT,
  `depart_name` varchar(30) DEFAULT NULL,
  PRIMARY KEY (`id`)
) ENGINE=InnoDB AUTO_INCREMENT=9 DEFAULT CHARSET=utf8 COLLATE=utf8_general_ci;

/*Data for the table `department` */

insert  into `department`(`id`,`depart_name`) values 
(1,'営業・販売'),
(2,'マーケティング'),
(3,'情報システム\r\n'),
(4,'経営企画\r\n'),
(5,'広報・PR\r\n'),
(6,'人事\r\n'),
(7,'総務・法務\r\n'),
(8,'経理・財務\r\n');

/*Table structure for table `form_logs` */

DROP TABLE IF EXISTS `form_logs`;

CREATE TABLE `form_logs` (
  `id` int(11) NOT NULL AUTO_INCREMENT,
  `user_id` varchar(30) NOT NULL,
  `cid` varchar(25) NOT NULL,
  `template_id` varchar(30) NOT NULL,
  `subject` varchar(150) DEFAULT NULL,
  `content` text DEFAULT NULL,
  `token` varchar(16) NOT NULL,
  `status` varchar(10) DEFAULT NULL,
  `memo` text DEFAULT NULL,
  `company` varchar(30) DEFAULT NULL,
  `lastname` varchar(30) DEFAULT NULL,
  `firstname` varchar(30) DEFAULT NULL,
  `csv_date_registered` datetime DEFAULT NULL,
  `report_date` datetime NOT NULL DEFAULT current_timestamp(),
  `created_at` timestamp NOT NULL DEFAULT current_timestamp(),
  PRIMARY KEY (`id`)
) ENGINE=InnoDB AUTO_INCREMENT=168 DEFAULT CHARSET=utf8 COLLATE=utf8_general_ci;

/*Data for the table `form_logs` */

insert  into `form_logs`(`id`,`user_id`,`cid`,`template_id`,`subject`,`content`,`token`,`status`,`memo`,`company`,`lastname`,`firstname`,`csv_date_registered`,`report_date`,`created_at`) values 
(93,'99999-9','o3xrw','16','NEW差し込み置換','株式会社99999-9	御中\r\n\r\n坂本　九	様','g1k57xh9bulfstm2',NULL,NULL,'株式会社99999-9','坂本','九',NULL,'2023-05-24 01:35:09','2023-05-24 14:35:09'),
(94,'99999-8','o3xrw','16','NEW差し込み置換','株式会社99999-8	御中\r\n\r\n吉田　八	様','g1k57xh9bulfstm2',NULL,NULL,'株式会社99999-8','吉田','八',NULL,'2023-05-24 01:35:09','2023-05-24 14:35:09'),
(95,'zqm1','ooo','19','テスト','あああ','87rsone6ktwlimxj',NULL,NULL,'株式会社99999-9','坂本','九',NULL,'2023-07-18 22:34:25','2023-07-19 11:34:25'),
(96,'f327','ooo','19','テスト','あああ','87rsone6ktwlimxj',NULL,NULL,'株式会社99999-8','吉田','八',NULL,'2023-07-18 22:34:25','2023-07-19 11:34:25'),
(97,'vm1k','ooo','19','テスト','あああ','el6vdam5nuwstbo2',NULL,NULL,'株式会社99999-9','坂本','九',NULL,'2023-07-18 22:38:22','2023-07-19 11:38:22'),
(98,'rj3z','ooo','19','テスト','あああ','el6vdam5nuwstbo2',NULL,NULL,'株式会社99999-8','吉田','八',NULL,'2023-07-18 22:38:22','2023-07-19 11:38:22'),
(99,'welu','test','21','フォーム、テスト','あああああああ\r\nあああああああ\r\nイーストン	\r\nおおお\r\nEEE	\r\nhttps://test.doctrack.jp/back/show_pdf.php?token=test/test/test/welu\r\nhttps://test.doctrack.jp/back/back/redirect.php?token=test/test/aaaaa/welu\r\nあああああああ\r\n\r\nあああああああ\r\n\r\nあああああああ','4s51h0fqtibg6av2',NULL,NULL,'イーストン','おおお','EEE',NULL,'2023-07-24 09:50:28','2023-07-24 22:50:28'),
(100,'96ks','o3xrw','16','NEW差し込み置換','	御中\r\n\r\n　	様','9yl6ropuv45wnf70',NULL,NULL,'','','',NULL,'2023-08-01 16:21:21','2023-08-01 16:21:21'),
(101,'lwf8','o3xrw','16','NEW差し込み置換','	御中\r\n\r\n　	様','9yl6ropuv45wnf70',NULL,NULL,'','','',NULL,'2023-08-01 16:21:21','2023-08-01 16:21:21'),
(117,'6yqj','o3xrw','14','お問い合せありがとうございました','__code1__　様\r\n\r\nお問い合わせを受け付けました。\r\n\r\n資料はこちらです。\r\nhttps://o3xrw.doctrack.jp/back/show_pdf.php?token=/o3xrw/biowave/6yqj','ilpt6md9v2uk7ory','OK','あああ','イーストン','えええ','DDD','2023-08-23 01:14:38','2023-08-05 00:29:40','2023-08-05 00:29:40'),
(118,'qlb7','o3xrw','14','お問い合せありがとうございました','__code1__　様\r\n\r\nお問い合わせを受け付けました。\r\n\r\n資料はこちらです。\r\nhttps://o3xrw.doctrack.jp/back/show_pdf.php?token=/o3xrw/biowave/qlb7','ilpt6md9v2uk7ory','OK','aaa','カーディナル','いいい','BBB','2023-08-24 09:11:57','2023-08-05 00:29:40','2023-08-05 00:29:40'),
(119,'4xsl','o3xrw','14','お問い合せありがとうございました','__code1__　様\r\n\r\nお問い合わせを受け付けました。\r\n\r\n資料はこちらです。\r\nhttps://o3xrw.doctrack.jp/back/show_pdf.php?token=/o3xrw/biowave/4xsl','ilpt6md9v2uk7ory',NULL,NULL,'ロイヤルパークホテル','あああ','AAA',NULL,'2023-08-05 00:29:40','2023-08-05 00:29:40'),
(120,'8ilz','o3xrw','14','お問い合せありがとうございました','__code1__　様\r\n\r\nお問い合わせを受け付けました。\r\n\r\n資料はこちらです。\r\nhttps://o3xrw.doctrack.jp/back/show_pdf.php?token=/o3xrw/biowave/8ilz','ilpt6md9v2uk7ory',NULL,NULL,'日本ホテル','ううう','CCC',NULL,'2023-08-05 00:29:40','2023-08-05 00:29:40'),
(121,'rwm2','o3xrw','14','お問い合せありがとうございました','__code1__　様\r\n\r\nお問い合わせを受け付けました。\r\n\r\n資料はこちらです。\r\nhttps://o3xrw.doctrack.jp/back/show_pdf.php?token=/o3xrw/biowave/rwm2','ilpt6md9v2uk7ory',NULL,NULL,'イーストン','おおお','EEE',NULL,'2023-08-05 00:29:40','2023-08-05 00:29:40'),
(122,'fzy7','ooo','40','フォーム営業３','https://ooo.doctrack.jp/back/show_pdf.php?token=ooo/ooo/hpawq/fzy7','1zevaqgc7sy8bxrp',NULL,NULL,'株式会社99999-9','坂本','九',NULL,'2023-08-05 01:54:02','2023-08-05 01:54:02'),
(123,'a60u','ooo','40','フォーム営業３','https://ooo.doctrack.jp/back/show_pdf.php?token=ooo/ooo/hpawq/a60u','1zevaqgc7sy8bxrp',NULL,NULL,'株式会社99999-8','吉田','八',NULL,'2023-08-05 01:54:02','2023-08-05 01:54:02'),
(124,'83yv','ooo','40','フォーム営業３','https://ooo.doctrack.jp/back/show_pdf.php?token=ooo/ooo/hpawq/83yv','eqv8093butkiosd6',NULL,NULL,'株式会社EEEEE','えええ','DDD',NULL,'2023-08-05 15:30:14','2023-08-05 15:30:14'),
(125,'i35o','ooo','40','フォーム営業３','https://ooo.doctrack.jp/back/show_pdf.php?token=ooo/ooo/hpawq/i35o','eqv8093butkiosd6',NULL,NULL,'株式会社IIIIIIIII','いいい','BBB',NULL,'2023-08-05 15:30:14','2023-08-05 15:30:14'),
(126,'rbg2','ooo','40','フォーム営業３','https://ooo.doctrack.jp/back/show_pdf.php?token=ooo/ooo/hpawq/rbg2','eqv8093butkiosd6',NULL,NULL,'株式会社AAAAAAA','あああ','AAA',NULL,'2023-08-05 15:30:14','2023-08-05 15:30:14'),
(127,'heds','ooo','40','フォーム営業３','https://ooo.doctrack.jp/back/show_pdf.php?token=ooo/ooo/hpawq/heds','eqv8093butkiosd6',NULL,NULL,'株式会社UUUUUUU','ううう','CCC',NULL,'2023-08-05 15:30:14','2023-08-05 15:30:14'),
(128,'bvxc','ooo','40','フォーム営業３','https://ooo.doctrack.jp/back/show_pdf.php?token=ooo/ooo/hpawq/bvxc','eqv8093butkiosd6',NULL,NULL,'株式会社OOOOOOO','おおお','EEE',NULL,'2023-08-05 15:30:14','2023-08-05 15:30:14'),
(129,'y25s','o3xrw','14','お問い合せありがとうございました','__code1__　様\r\n\r\nお問い合わせを受け付けました。\r\n\r\n資料はこちらです。\r\nhttps://o3xrw.doctrack.jp/back/show_pdf.php?token=/o3xrw/biowave/y25s','l7vr4muyph2wotnz','完了','','株式会社EEEEE','えええ','DDD','2023-08-21 23:47:55','2023-08-06 03:28:29','2023-08-06 03:28:29'),
(130,'uh9l','o3xrw','14','お問い合せありがとうございました','__code1__　様\r\n\r\nお問い合わせを受け付けました。\r\n\r\n資料はこちらです。\r\nhttps://o3xrw.doctrack.jp/back/show_pdf.php?token=/o3xrw/biowave/uh9l','l7vr4muyph2wotnz','OK','test19','株式会社IIIIIIIII','いいい','BBB','2023-08-21 23:47:55','2023-08-06 03:28:29','2023-08-06 03:28:29'),
(131,'12jc','o3xrw','14','お問い合せありがとうございました','__code1__　様\r\n\r\nお問い合わせを受け付けました。\r\n\r\n資料はこちらです。\r\nhttps://o3xrw.doctrack.jp/back/show_pdf.php?token=/o3xrw/biowave/12jc','l7vr4muyph2wotnz','OK','test19','株式会社AAAAAAA','あああ','AAA','2023-08-19 11:18:58','2023-08-06 03:28:29','2023-08-06 03:28:29'),
(132,'b9ao','o3xrw','14','お問い合せありがとうございました','__code1__　様\r\n\r\nお問い合わせを受け付けました。\r\n\r\n資料はこちらです。\r\nhttps://o3xrw.doctrack.jp/back/show_pdf.php?token=/o3xrw/biowave/b9ao','l7vr4muyph2wotnz','完了','sss','株式会社UUUUUUU','ううう','CCC','2023-08-18 01:38:02','2023-08-06 03:28:29','2023-08-06 03:28:29'),
(133,'o7u9','o3xrw','14','お問い合せありがとうございました','__code1__　様\r\n\r\nお問い合わせを受け付けました。\r\n\r\n資料はこちらです。\r\nhttps://o3xrw.doctrack.jp/back/show_pdf.php?token=/o3xrw/biowave/o7u9','l7vr4muyph2wotnz','OK','aaa','株式会社OOOOOOO','おおお','EEE','2023-08-18 01:38:02','2023-08-06 03:28:29','2023-08-06 03:28:29'),
(149,'lna4','ooo','26','a','あ','npbs7eimjzraoy46','OK','aaa','株式会社99999-9','坂本','九','2023-08-12 01:41:01','2023-08-08 10:57:46','2023-08-08 10:57:46'),
(150,'brqj','ooo','26','a','あ','npbs7eimjzraoy46','完了','sss','株式会社99999-8','吉田','八','2023-08-12 01:41:01','2023-08-08 10:57:46','2023-08-08 10:57:46'),
(161,'im4x','testtest','71','DDDDDD','いいいいいいいいいいい\r\nいいいいいいいいいいい\r\n\r\n\r\nいいいいいいいいいいい\r\nいいいいいいいいいいい\r\nいいいいいいいいいいい','ypa08ie4wj1ub7sk',NULL,NULL,'株式会社EEEEE','えええ','DDD',NULL,'2023-08-23 18:51:53','2023-08-23 18:51:53'),
(162,'uvkj','testtest','71','DDDDDD','いいいいいいいいいいい\r\nいいいいいいいいいいい\r\n\r\n\r\nいいいいいいいいいいい\r\nいいいいいいいいいいい\r\nいいいいいいいいいいい','ypa08ie4wj1ub7sk',NULL,NULL,'株式会社IIIIIIIII','いいい','BBB',NULL,'2023-08-23 18:51:53','2023-08-23 18:51:53'),
(163,'7mzx','testtest','71','DDDDDD','いいいいいいいいいいい\r\nいいいいいいいいいいい\r\n\r\n\r\nいいいいいいいいいいい\r\nいいいいいいいいいいい\r\nいいいいいいいいいいい','ypa08ie4wj1ub7sk',NULL,NULL,'株式会社AAAAAAA','あああ','AAA',NULL,'2023-08-23 18:51:53','2023-08-23 18:51:53'),
(164,'jwz1','testtest','71','DDDDDD','いいいいいいいいいいい\r\nいいいいいいいいいいい\r\n\r\n\r\nいいいいいいいいいいい\r\nいいいいいいいいいいい\r\nいいいいいいいいいいい','ypa08ie4wj1ub7sk',NULL,NULL,'株式会社UUUUUUU','ううう','CCC',NULL,'2023-08-23 18:51:53','2023-08-23 18:51:53'),
(165,'clz1','testtest','71','DDDDDD','いいいいいいいいいいい\r\nいいいいいいいいいいい\r\n\r\n\r\nいいいいいいいいいいい\r\nいいいいいいいいいいい\r\nいいいいいいいいいいい','ypa08ie4wj1ub7sk',NULL,NULL,'株式会社OOOOOOO','おおお','EEE',NULL,'2023-08-23 18:51:53','2023-08-23 18:51:53'),
(166,'trzi','ooo','40','フォーム営業３','https://ooo.doctrack.jp/back/show_pdf.php?token=ooo/ooo/hpawq/trzi','xz6d0list2rfgq8j',NULL,NULL,'株式会社99999-9','坂本','九',NULL,'2023-08-24 09:02:47','2023-08-24 09:02:47'),
(167,'xqw3','ooo','40','フォーム営業３','https://ooo.doctrack.jp/back/show_pdf.php?token=ooo/ooo/hpawq/xqw3','xz6d0list2rfgq8j',NULL,NULL,'株式会社99999-8','吉田','八',NULL,'2023-08-24 09:02:47','2023-08-24 09:02:47');

/*Table structure for table `froms` */

DROP TABLE IF EXISTS `froms`;

CREATE TABLE `froms` (
  `id` int(7) NOT NULL AUTO_INCREMENT,
  `cid` varchar(30) NOT NULL,
  `email` varchar(100) NOT NULL,
  `from_name` varchar(50) NOT NULL,
  `signature` varchar(100) NOT NULL,
  `smtp_host` varchar(50) NOT NULL,
  `smtp_port` varchar(30) NOT NULL,
  `smtp_pw` varchar(50) NOT NULL,
  `created_at` timestamp NOT NULL DEFAULT current_timestamp(),
  `updated_at` timestamp NOT NULL DEFAULT current_timestamp(),
  PRIMARY KEY (`id`),
  UNIQUE KEY `cid` (`cid`,`email`)
) ENGINE=InnoDB AUTO_INCREMENT=58 DEFAULT CHARSET=utf8 COLLATE=utf8_general_ci;

/*Data for the table `froms` */

insert  into `froms`(`id`,`cid`,`email`,`from_name`,`signature`,`smtp_host`,`smtp_port`,`smtp_pw`,`created_at`,`updated_at`) values 
(1,'10001','test@gmail.com','株式会社テスト','株式会社テスト\r\n代表取締役　山本テスト\r\n','','0','0','2022-12-16 22:45:44','2023-01-31 23:20:45'),
(2,'10001','test2@gmail.com','テストショップ','株式会社テスト2\r\n代表取締役　田中テスト\r\n','','0','0','2022-12-16 22:45:44','2023-01-31 23:20:45'),
(10,'o3xrw','contact@global-coms.biz','テストテスト','ロリ\r\nメール：info@hikeca.net','smtp.lolipop.jp','465','NB_v4uhqjqmw-D','2023-01-08 12:09:20','2023-07-31 15:44:44'),
(13,'o3xrw','aaa@gmails','株式会社テスト','a','smtp.lolipop.jp','465','a','2023-01-17 00:01:17','2023-03-04 22:23:32'),
(22,'33','info@roslink.net','roslink','','smtp.lolipop.jp','465','sy5X_QE7J_x3_6_O','2023-07-15 07:51:46','2023-07-15 07:51:46'),
(25,'789','contact@global-coms.biz','test','ああああああああああ','smtp.lolipop.jp','465','NB_v4uhqjqmw-D','2023-07-19 11:44:52','2023-07-19 11:44:52'),
(27,'test','contact@global-coms.biz','てすと','おおおおおおおおお\r\nおおおおおおおおお\r\nおおおおおおおおお','smtp.lolipop.jp','465','NB_v4uhqjqmw-D','2023-07-20 11:36:13','2023-07-20 11:36:13'),
(50,'ooo','test@effica-labo.com','effica','','sv1416.xserver.jp','587','Efficapro!','2023-08-16 01:27:21','2023-08-16 01:27:21'),
(51,'ooo','customer@doctrack.jp','customer@doctrack.jp','','sv8410.xserver.jp','587','tQ5MwjVK','2023-08-16 11:14:20','2023-08-16 11:14:20'),
(53,'o3xrw','customer@doctrack.jp','株式会社18','','sv8410.xserver.jp','0','tQ5MwjVK','2023-08-17 11:39:58','2023-08-17 11:39:58'),
(56,'ooo','info@roslink.net','roslink','','smtp.lolipop.jp','465','sy5X_QE7J_x3_6_O','2023-08-23 18:02:31','2023-08-23 18:02:31'),
(57,'testtest','customer@doctrack.jp','いいいいい','','sv8410.xserver.jp','587','tQ5MwjVK','2023-08-23 18:20:22','2023-08-23 18:20:22');

/*Table structure for table `g_users` */

DROP TABLE IF EXISTS `g_users`;

CREATE TABLE `g_users` (
  `id` int(11) NOT NULL AUTO_INCREMENT,
  `google_id` varchar(150) CHARACTER SET utf8mb4 COLLATE utf8mb4_general_ci NOT NULL,
  `fullname` varchar(50) CHARACTER SET utf8mb4 COLLATE utf8mb4_general_ci NOT NULL,
  `email` varchar(50) CHARACTER SET utf8mb4 COLLATE utf8mb4_general_ci NOT NULL,
  `profile_image` text CHARACTER SET utf8mb4 COLLATE utf8mb4_general_ci NOT NULL,
  `gtoken` text CHARACTER SET utf8mb4 COLLATE utf8mb4_general_ci NOT NULL,
  `client_id` varchar(10) CHARACTER SET utf8mb4 COLLATE utf8mb4_general_ci NOT NULL,
  PRIMARY KEY (`id`)
) ENGINE=InnoDB AUTO_INCREMENT=28 DEFAULT CHARSET=utf8 COLLATE=utf8_general_ci;

/*Data for the table `g_users` */

insert  into `g_users`(`id`,`google_id`,`fullname`,`email`,`profile_image`,`gtoken`,`client_id`) values 
(27,'103688360947915116026','Super Star','superstar0601.dev@gmail.com','https://lh3.googleusercontent.com/a/AAcHTtdNlb94fZmn3poYW1OWUkbFBvumnVHTCkuBfD5tqQGB1A=s96-c','ya29.a0AbVbY6NBoRuerDAYvCBrhIX7UQoye8jczLPTaQj0DqGf6Jtk4gHGYSgY59JyW1kozKYGmeUnb-LMV0LB0Z26yZZGcClSukY03_UQLrW4-vvvJmBFkeynzS52E2Mz2cygFNwea4DeEcti2daMiNuO13SLdZsLnQaCgYKAT0SARMSFQFWKvPlhjxyV7PzuEpaPQ3_7PIqmg0165','ooo');

/*Table structure for table `industry` */

DROP TABLE IF EXISTS `industry`;

CREATE TABLE `industry` (
  `id` int(10) NOT NULL AUTO_INCREMENT,
  `industry_name` varchar(30) DEFAULT NULL,
  PRIMARY KEY (`id`)
) ENGINE=InnoDB AUTO_INCREMENT=37 DEFAULT CHARSET=utf8 COLLATE=utf8_general_ci;

/*Data for the table `industry` */

insert  into `industry`(`id`,`industry_name`) values 
(1,'アウトソーシング'),
(2,'コンサルティング\r\n'),
(3,'営業販売\r\n'),
(4,'デザイン\r\n'),
(5,'ITサービス\r\n'),
(6,'Web制作\r\n'),
(7,'システム開発\r\n'),
(8,'美容サロン\r\n'),
(9,'クリニック\r\n'),
(10,'ファッション\r\n'),
(11,'フィットネス\r\n'),
(12,'エネルギー\r\n'),
(13,'EC通販\r\n'),
(14,'不動産\r\n'),
(15,'情報通信\r\n'),
(16,'士業\r\n'),
(17,'医療\r\n'),
(18,'福祉\r\n'),
(19,'人材\r\n'),
(20,'教育\r\n'),
(21,'広告\r\n'),
(22,'旅行\r\n'),
(23,'宿泊\r\n'),
(24,'飲食\r\n'),
(25,'食品\r\n'),
(26,'建築\r\n'),
(27,'投資\r\n'),
(28,'製造\r\n'),
(29,'小売\r\n'),
(30,'卸売\r\n'),
(31,'レジャー\r\n'),
(32,'施設管理\r\n'),
(33,'農業\r\n'),
(34,'運輸\r\n'),
(35,'金融\r\n'),
(36,'NPO\r\n');

/*Table structure for table `large_categories` */

DROP TABLE IF EXISTS `large_categories`;

CREATE TABLE `large_categories` (
  `id` int(10) NOT NULL AUTO_INCREMENT,
  `title` varchar(50) NOT NULL,
  `created_at` timestamp NOT NULL DEFAULT current_timestamp(),
  `updated_at` timestamp NOT NULL DEFAULT current_timestamp(),
  PRIMARY KEY (`id`)
) ENGINE=InnoDB AUTO_INCREMENT=16 DEFAULT CHARSET=utf8 COLLATE=utf8_general_ci;

/*Data for the table `large_categories` */

insert  into `large_categories`(`id`,`title`,`created_at`,`updated_at`) values 
(1,'グルメ・飲食\r\n','2023-07-31 23:26:21','2023-07-31 23:26:24'),
(2,'ショッピング','2023-07-31 23:26:37','2023-07-31 23:26:39'),
(3,'ビジネス','2023-07-31 23:26:55','2023-07-31 23:26:57'),
(4,'ペット\r\n','2023-07-31 23:27:08','2023-07-31 23:27:10'),
(5,'レジャー・スポーツ','2023-07-31 23:27:18','2023-07-31 23:27:20'),
(6,'医療・健康・介護','2023-07-31 23:27:28','2023-07-31 23:27:30'),
(7,'冠婚葬祭・イベント','2023-07-31 23:27:37','2023-07-31 23:27:39'),
(8,'教育・習い事','2023-07-31 23:27:47','2023-07-31 23:27:49'),
(9,'公共機関・団体','2023-07-31 23:27:58','2023-07-31 23:28:00'),
(10,'自動車・バイク','2023-07-31 23:28:07','2023-07-31 23:28:09'),
(11,'趣味\r\n','2023-07-31 23:28:18','2023-07-31 23:28:20'),
(12,'住まい\r\n','2023-07-31 23:28:27','2023-07-31 23:28:29'),
(13,'美容・ファッション\r\n','2023-07-31 23:28:44','2023-07-31 23:28:52'),
(14,'暮らし','2023-07-31 23:29:00','2023-07-31 23:29:02'),
(15,'旅行宿泊','2023-07-31 23:29:08','2023-07-31 23:29:10');

/*Table structure for table `list_store` */

DROP TABLE IF EXISTS `list_store`;

CREATE TABLE `list_store` (
  `id` int(10) NOT NULL AUTO_INCREMENT,
  `company` varchar(100) NOT NULL,
  `post_code` varchar(100) NOT NULL,
  `regions` varchar(100) NOT NULL,
  `municipalities` varchar(100) NOT NULL,
  `address` varchar(100) NOT NULL,
  `tel` varchar(100) NOT NULL,
  `fax` varchar(100) NOT NULL,
  `url` text NOT NULL,
  `category` varchar(100) NOT NULL,
  `created_at` timestamp NOT NULL DEFAULT current_timestamp(),
  `updated_at` timestamp NOT NULL DEFAULT current_timestamp(),
  PRIMARY KEY (`id`)
) ENGINE=InnoDB AUTO_INCREMENT=36461 DEFAULT CHARSET=utf8 COLLATE=utf8_general_ci;

/*Data for the table `list_store` */

/*Table structure for table `login` */

DROP TABLE IF EXISTS `login`;

CREATE TABLE `login` (
  `id` int(10) NOT NULL AUTO_INCREMENT,
  `ref` varchar(100) NOT NULL,
  `email` varchar(100) NOT NULL,
  `password` varchar(100) NOT NULL,
  `token` varchar(100) NOT NULL,
  `active` tinyint(1) DEFAULT NULL,
  `expiry_time` datetime DEFAULT NULL,
  `created_at` timestamp NOT NULL DEFAULT current_timestamp(),
  `updated_at` timestamp NOT NULL DEFAULT current_timestamp(),
  UNIQUE KEY `email` (`email`),
  KEY `id` (`id`)
) ENGINE=InnoDB AUTO_INCREMENT=19 DEFAULT CHARSET=utf8mb4 COLLATE=utf8mb4_unicode_ci;

/*Data for the table `login` */

insert  into `login`(`id`,`ref`,`email`,`password`,`token`,`active`,`expiry_time`,`created_at`,`updated_at`) values 
(17,'o3xrw','grahasmin@gmail.com','$2y$10$nMFcDLHdy7v0i5zkDKFTkOY4VeB0SgROEAhYKs9ocrXB2qfpn/.RG','jbprfevsa3diuc12',1,'2023-05-09 18:38:12','2023-05-10 07:28:12','2023-05-10 07:29:57'),
(18,'o3xrw','thomaswelson1204@gmail.com','$2y$10$1jZSJWLGpAFvMUTB.YRRi.HKGdkXBLPe.JVo4MlQnZkLekGVULVOO','yuq42hxktf80mvsn56wc3dlzeb',1,'2023-05-09 18:41:52','2023-05-10 07:31:52','2023-05-10 07:32:38');

/*Table structure for table `logs` */

DROP TABLE IF EXISTS `logs`;

CREATE TABLE `logs` (
  `id` int(11) NOT NULL AUTO_INCREMENT,
  `cid` varchar(25) NOT NULL,
  `template_id` varchar(30) NOT NULL,
  `user_id` varchar(30) NOT NULL,
  `from_email` varchar(100) NOT NULL,
  `to_email` varchar(100) NOT NULL,
  `subject` varchar(150) DEFAULT NULL,
  `content` text DEFAULT NULL,
  `token` varchar(16) NOT NULL,
  `status` varchar(10) NOT NULL,
  `created_at` timestamp NOT NULL DEFAULT current_timestamp(),
  PRIMARY KEY (`id`)
) ENGINE=InnoDB AUTO_INCREMENT=443 DEFAULT CHARSET=utf8 COLLATE=utf8_general_ci;

/*Data for the table `logs` */

insert  into `logs`(`id`,`cid`,`template_id`,`user_id`,`from_email`,`to_email`,`subject`,`content`,`token`,`status`,`created_at`) values 
(207,'o3xrw','13','v5ej','customer@doctrack.jp','rostyle95@gmail.com','お問い合せありがとうございました','','y8m5qz4fuobtpsgi','配信成功','2023-05-03 23:14:48'),
(208,'o3xrw','12','1111-4','info@hikeca.net','rostyletokyo@gmail.com','お問い合せありがとうございました','株式会社test_4　様\r\n\r\nお問い合わせを受け付けました。\r\n\r\n資料はこちらです。\r\nhttp://localhost/SendEmail/show_pdf.php?token=ppppp/o3xrw/biowave/1111-4ロリ\r\nメール：info@hikeca.net','upak94tf02oi7snl','配信成功','2023-05-03 23:14:49'),
(209,'o3xrw','13','v5ej','customer@doctrack.jp','rostyle95@gmail.com','お問い合せありがとうございました','','y8m5qz4fuobtpsgi','配信成功','2023-05-21 07:43:02'),
(219,'o3xrw','15','99999-9','info@hikeca.net','rostyle95+99@gmail.com','NEW差し込み','__company__	御中\r\n\r\n__lastname__	　__firstname__	様\r\nロリ\r\nメール：info@hikeca.net','2bcphs5mrn47qu01','配信成功','2023-05-24 12:15:49'),
(220,'o3xrw','15','99999-8','info@hikeca.net','rostyle95+98@gmail.com','NEW差し込み','__company__	御中\r\n\r\n__lastname__	　__firstname__	様\r\nロリ\r\nメール：info@hikeca.net','2bcphs5mrn47qu01','配信成功','2023-05-24 12:15:50'),
(221,'o3xrw','15','99999-9','info@hikeca.net','rostyle95+99@gmail.com','NEW差し込み','株式会社99999-9	御中\r\n\r\n坂本　九	様\r\nロリ\r\nメール：info@hikeca.net','71dnsymuekfzrt2x','配信成功','2023-05-24 13:00:58'),
(222,'o3xrw','15','99999-8','info@hikeca.net','rostyle95+98@gmail.com','NEW差し込み','株式会社99999-8	御中\r\n\r\n吉田　八	様\r\nロリ\r\nメール：info@hikeca.net','71dnsymuekfzrt2x','配信成功','2023-05-24 13:00:59'),
(290,'ooo','17','i9fg','info@roslink.net','grahasmin@gmail.com','件名のテスト','メモの内容','az6w4ht1gslmqdp9','配信成功','2023-07-19 13:30:41'),
(306,'ooo','27','noz0','info@roslink.net','rostyle95+99@gmail.com','テンプレまで本文に書いたテスト',' 様\r\n\r\nPDF\r\nhttps://ooo.doctrack.jp/show_pdf.php?token=ooo/ooo/home/noz0\r\n\r\nリダイレクト\r\nhttps://ooo.doctrack.jp/back/redirect.php?token=ooo/ooo/hvfgt/noz0','z9lnvghwmy7j502e','配信成功','2023-08-02 02:53:12'),
(307,'ooo','27','yb5f','info@roslink.net','rostyle95+98@gmail.com','テンプレまで本文に書いたテスト',' 様\r\n\r\nPDF\r\nhttps://ooo.doctrack.jp/show_pdf.php?token=ooo/ooo/home/yb5f\r\n\r\nリダイレクト\r\nhttps://ooo.doctrack.jp/back/redirect.php?token=ooo/ooo/hvfgt/yb5f','z9lnvghwmy7j502e','配信成功','2023-08-02 02:53:13'),
(328,'o3xrw','13','njvy','customer@doctrack.jp','grahasmin@gmail.com','お問い合せありがとうございました','','orw251jl6u7mq8kd','配信成功','2023-08-02 11:37:02'),
(329,'o3xrw','13','2tsb','customer@doctrack.jp','superstar0601.dev@gmail.com','お問い合せありがとうございました','','orw251jl6u7mq8kd','配信成功','2023-08-02 11:37:03'),
(330,'o3xrw','13','v5ej','customer@doctrack.jp','rostyle95@gmail.com','お問い合せありがとうございました','','y8m5qz4fuobtpsgi','配信成功','2023-08-02 11:37:03'),
(331,'o3xrw','13','mvjy','customer@doctrack.jp','superstar0601.dev+2@gmail.com','お問い合せありがとうございました','','cq6hpuk9xz5to7a4','配信成功','2023-08-02 11:37:03'),
(332,'o3xrw','13','5djh','customer@doctrack.jp','grahasmin+12@gmail.com','お問い合せありがとうございました','','s8u7wb5ifynz2voj','配信成功','2023-08-02 11:37:04'),
(343,'ooo','22','3ch7','customer@doctrack.jp','rostyle95+11@gmail.com','ありがとうございます','開発者\r\ncode\r\n\r\ncompany','amevqzrnk50279w3','配信成功','2023-08-02 11:56:17'),
(344,'ooo','22','kdqt','customer@doctrack.jp','rostyle95+12@gmail.com','ありがとうございます','開発者\r\ncode\r\n\r\ncompany','amevqzrnk50279w3','配信成功','2023-08-02 11:56:17'),
(345,'ooo','22','lan8','customer@doctrack.jp','rostyle95+13@gmail.com','ありがとうございます','開発者\r\ncode\r\n\r\ncompany','amevqzrnk50279w3','配信成功','2023-08-02 11:56:17'),
(346,'ooo','22','fkjb','customer@doctrack.jp','rostyle95+14@gmail.com','ありがとうございます','開発者\r\ncode\r\n\r\ncompany','amevqzrnk50279w3','配信成功','2023-08-02 11:56:18'),
(347,'ooo','22','qlx6','customer@doctrack.jp','rostyle95+15@gmail.com','ありがとうございます','開発者\r\ncode\r\n\r\ncompany','amevqzrnk50279w3','配信成功','2023-08-02 11:56:18'),
(383,'ooo','27','noz0','info@roslink.net','rostyle95+99@gmail.com','テンプレまで本文に書いたテスト',' 様\r\n\r\nPDF\r\nhttps://ooo.doctrack.jp/show_pdf.php?token=ooo/ooo/home/noz0\r\n\r\nリダイレクト\r\nhttps://ooo.doctrack.jp/back/redirect.php?token=ooo/ooo/hvfgt/noz0','z9lnvghwmy7j502e','配信成功','2023-08-08 13:31:44'),
(384,'ooo','27','yb5f','info@roslink.net','rostyle95+98@gmail.com','テンプレまで本文に書いたテスト',' 様\r\n\r\nPDF\r\nhttps://ooo.doctrack.jp/show_pdf.php?token=ooo/ooo/home/yb5f\r\n\r\nリダイレクト\r\nhttps://ooo.doctrack.jp/back/redirect.php?token=ooo/ooo/hvfgt/yb5f','z9lnvghwmy7j502e','配信成功','2023-08-08 13:32:44'),
(385,'o3xrw','13','njvy','customer@doctrack.jp','grahasmin@gmail.com','お問い合せありがとうございました','','orw251jl6u7mq8kd','配信成功','2023-08-15 12:34:44'),
(386,'o3xrw','13','2tsb','customer@doctrack.jp','superstar0601.dev@gmail.com','お問い合せありがとうございました','','orw251jl6u7mq8kd','配信成功','2023-08-15 12:34:44'),
(387,'o3xrw','13','v5ej','customer@doctrack.jp','rostyle95@gmail.com','お問い合せありがとうございました','','y8m5qz4fuobtpsgi','配信成功','2023-08-15 12:34:44'),
(395,'ooo','27','noz0','info@roslink.net','rostyle95+99@gmail.com','テンプレまで本文に書いたテスト',' 様\r\n\r\nPDF\r\nhttps://ooo.doctrack.jp/show_pdf.php?token=ooo/ooo/home/noz0\r\n\r\nリダイレクト\r\nhttps://ooo.doctrack.jp/back/redirect.php?token=ooo/ooo/hvfgt/noz0','z9lnvghwmy7j502e','配信成功','2023-08-16 11:21:48'),
(396,'ooo','27','yb5f','info@roslink.net','rostyle95+98@gmail.com','テンプレまで本文に書いたテスト',' 様\r\n\r\nPDF\r\nhttps://ooo.doctrack.jp/show_pdf.php?token=ooo/ooo/home/yb5f\r\n\r\nリダイレクト\r\nhttps://ooo.doctrack.jp/back/redirect.php?token=ooo/ooo/hvfgt/yb5f','z9lnvghwmy7j502e','配信成功','2023-08-16 11:21:48'),
(422,'ooo','27','noz0','info@roslink.net','rostyle95+99@gmail.com','テンプレまで本文に書いたテスト',' 様\r\n\r\nPDF\r\nhttps://ooo.doctrack.jp/show_pdf.php?token=ooo/ooo/home/noz0\r\n\r\nリダイレクト\r\nhttps://ooo.doctrack.jp/back/redirect.php?token=ooo/ooo/hvfgt/noz0','z9lnvghwmy7j502e','配信成功','2023-08-21 19:06:28'),
(432,'o3xrw','13','p4ho','customer@doctrack.jp','superstar0601.dev@gmail.com','お問い合せありがとうございました','','ftxhmwi1dvbq2oue','配信成功','2023-08-23 17:44:25'),
(433,'o3xrw','13','lce2','customer@doctrack.jp','grahasmin@gmail.com','お問い合せありがとうございました','','ftxhmwi1dvbq2oue','配信成功','2023-08-23 17:44:25'),
(434,'o3xrw','61','i0bq','contact@global-coms.biz','superstar0601.dev@gmail.com','template test','aaaaaaa\r\nbbbbbロリ\r\nメール：info@hikeca.net','vank78h50fq9lbdw','配信成功','2023-08-23 18:29:59'),
(435,'o3xrw','61','cfay','contact@global-coms.biz','grahasmin@gmail.com','template test','aaaaaaa\r\nbbbbbロリ\r\nメール：info@hikeca.net','vank78h50fq9lbdw','配信成功','2023-08-23 18:29:59'),
(436,'testtest','70','nt15','customer@doctrack.jp','youhei_0525@hotmail.co.jp','HHHHHHHH','ああああああ\r\nああああああ\r\n\r\nああああああ\r\nああああああ\r\n\r\nああああああ\r\nああああああ','q2r5h3kyujofd6ge','配信成功','2023-08-23 18:47:17'),
(437,'testtest','70','x68t','customer@doctrack.jp','aaaaainfo@global-coms.biz','HHHHHHHH','ああああああ\r\nああああああ\r\n\r\nああああああ\r\nああああああ\r\n\r\nああああああ\r\nああああああ','q2r5h3kyujofd6ge','配信成功','2023-08-23 18:47:18'),
(438,'testtest','70','25bz','customer@doctrack.jp','mail@markemist.jp','HHHHHHHH','ああああああ\r\nああああああ\r\n\r\nああああああ\r\nああああああ\r\n\r\nああああああ\r\nああああああ','q2r5h3kyujofd6ge','配信成功','2023-08-23 18:47:18'),
(439,'testtest','70','c03s','customer@doctrack.jp','info@el-com.biz','HHHHHHHH','ああああああ\r\nああああああ\r\n\r\nああああああ\r\nああああああ\r\n\r\nああああああ\r\nああああああ','q2r5h3kyujofd6ge','配信成功','2023-08-23 18:47:19'),
(440,'testtest','70','oliz','customer@doctrack.jp','sales@calltree.jp','HHHHHHHH','ああああああ\r\nああああああ\r\n\r\nああああああ\r\nああああああ\r\n\r\nああああああ\r\nああああああ','q2r5h3kyujofd6ge','配信成功','2023-08-23 18:47:19'),
(441,'ooo','17','kvgx','info@roslink.net','rostyle95@gmail.com','件名のテスト','メモの内容','pw60qvun751sizay','配信成功','2023-08-24 09:15:02'),
(442,'ooo','17','7dhn','info@roslink.net','r.o.style.llc@gmail.com','件名のテスト','メモの内容','pw60qvun751sizay','配信成功','2023-08-24 09:15:02');

/*Table structure for table `pdf_versions` */

DROP TABLE IF EXISTS `pdf_versions`;

CREATE TABLE `pdf_versions` (
  `pdf_version_id` int(11) NOT NULL AUTO_INCREMENT,
  `pdf_id` varchar(25) NOT NULL,
  `title` varchar(55) NOT NULL,
  `cid` varchar(30) NOT NULL,
  `memo` text DEFAULT NULL,
  `file_name` text DEFAULT NULL,
  `page_cnt` int(11) DEFAULT NULL,
  `updated_at` datetime NOT NULL DEFAULT current_timestamp(),
  `uploaded_at` timestamp NOT NULL DEFAULT current_timestamp(),
  PRIMARY KEY (`pdf_version_id`)
) ENGINE=InnoDB AUTO_INCREMENT=138 DEFAULT CHARSET=utf8 COLLATE=utf8_general_ci;

/*Data for the table `pdf_versions` */

insert  into `pdf_versions`(`pdf_version_id`,`pdf_id`,`title`,`cid`,`memo`,`file_name`,`page_cnt`,`updated_at`,`uploaded_at`) values 
(29,'biowave','バイオウェーブ','o3xrw','食尾用油イオン還元装置','カスタマー用資料.pdf',6,'2023-05-17 09:41:52','2023-03-26 23:55:31'),
(30,'invest','aggressive','o3xrw','あ','DCS_Aggressive_Factsheet_Jan2023.pdf',3,'2023-04-15 07:17:42','2023-03-27 00:41:01'),
(41,'biowave','バイオウェーブ','o3xrw','食尾用油イオン還元装置','sample(2).pdf',6,'2023-05-17 09:41:52','2023-04-15 20:08:23'),
(87,'sd234sd','adfasadf','o3xrw',NULL,'',0,'2023-06-04 17:03:25','2023-06-05 06:03:25'),
(88,'sd234sd','adfasadf','o3xrw','asddfaasf','0601-converturl.pdf',1,'2023-06-04 17:04:43','2023-06-05 06:04:43'),
(89,'sd234','ddfsdf','o3xrw','sdfsdfs','ホームページ構成案.pdf',1,'2023-07-24 22:34:11','2023-06-05 06:38:36'),
(97,'sd234s','aads','o3xrw','めも',NULL,NULL,'2023-07-24 22:47:14','2023-07-18 12:10:09'),
(122,'super','あ','ooo','テスト','0601-converturl.pdf',1,'2023-07-30 10:43:22','2023-07-19 23:23:58'),
(123,'home','ホーム','ooo','','home.pdf',8,'2023-07-19 20:37:46','2023-07-20 09:37:46'),
(124,'test','あああああああああ','test','','DX認定支援サービス.pdf',7,'2023-07-19 22:29:55','2023-07-20 11:29:55'),
(128,'sd234s','aads','o3xrw','めも','0601-converturl.pdf',1,'2023-07-24 09:47:14','2023-07-24 22:47:14'),
(129,'super','あ','ooo','テスト','ホットペパーグルメ利用約款.pdf',23,'2023-07-30 10:43:22','2023-07-25 01:48:31'),
(135,'hpawq','a','ooo','','フォーム営業3.pdf',9,'2023-08-15 01:04:39','2023-08-04 11:37:56'),
(137,'iw9od','おおおお','testtest','','DX認定支援サービス.pdf',7,'2023-08-23 18:23:27','2023-08-23 18:23:27');

/*Table structure for table `popup_access` */

DROP TABLE IF EXISTS `popup_access`;

CREATE TABLE `popup_access` (
  `id` int(11) NOT NULL AUTO_INCREMENT,
  `popup_id` int(11) NOT NULL,
  `user_id` varchar(30) NOT NULL,
  `cid` varchar(30) NOT NULL,
  `access_id` int(11) NOT NULL,
  `accessed_at` timestamp NOT NULL DEFAULT current_timestamp(),
  PRIMARY KEY (`id`)
) ENGINE=InnoDB AUTO_INCREMENT=34 DEFAULT CHARSET=utf8 COLLATE=utf8_general_ci;

/*Data for the table `popup_access` */

insert  into `popup_access`(`id`,`popup_id`,`user_id`,`cid`,`access_id`,`accessed_at`) values 
(21,30,'1111-1','o3xrw',377,'2023-04-07 19:13:33'),
(22,31,'1111-1','o3xrw',378,'2023-04-07 19:13:43'),
(23,31,'1111-1','o3xrw',383,'2023-04-08 20:42:57'),
(24,30,'1111-1','o3xrw',408,'2023-04-09 23:41:36'),
(25,31,'32454-1','o3xrw',633,'2023-05-21 04:17:42'),
(26,31,'32454-1','o3xrw',634,'2023-05-21 04:40:13'),
(27,31,'855-656','o3xrw',1101,'2023-05-25 05:35:18');

/*Table structure for table `popups` */

DROP TABLE IF EXISTS `popups`;

CREATE TABLE `popups` (
  `id` int(11) NOT NULL AUTO_INCREMENT,
  `cid` varchar(8) NOT NULL,
  `title` varchar(50) DEFAULT NULL,
  `pdf_id` varchar(30) NOT NULL,
  `file_name` varchar(300) DEFAULT NULL,
  `popup_trigger` varchar(50) DEFAULT NULL,
  `img_name` varchar(300) DEFAULT NULL,
  `url` varchar(300) DEFAULT NULL,
  `trigger_parameter` int(11) NOT NULL,
  `trigger_parameter2` int(11) NOT NULL,
  `switch` varchar(3) NOT NULL DEFAULT 'OFF',
  `memo` text DEFAULT NULL,
  `created_at` timestamp NOT NULL DEFAULT current_timestamp(),
  `updated_at` timestamp NOT NULL DEFAULT current_timestamp(),
  UNIQUE KEY `id` (`id`)
) ENGINE=InnoDB AUTO_INCREMENT=42 DEFAULT CHARSET=utf8 COLLATE=utf8_general_ci;

/*Data for the table `popups` */

insert  into `popups`(`id`,`cid`,`title`,`pdf_id`,`file_name`,`popup_trigger`,`img_name`,`url`,`trigger_parameter`,`trigger_parameter2`,`switch`,`memo`,`created_at`,`updated_at`) values 
(30,'o3xrw','【ChatGPT×CREEVO】AIで作詞作曲して歌入り音源制作してみた。','biowave','aaa.png','アクセス数','music_ai.PNG','https://youtu.be/b-G-UOK3-70',31,10,'ON','【ChatGPT×CREEVO】AIで作詞作曲して歌入り音源制作してみた。','2023-03-27 00:22:39','2023-03-27 00:22:39'),
(31,'o3xrw','【ChatGPT×CREEVO】AIで作詞作曲して歌入り音源制作してみた。あ','biowave','bbb.png','閲覧時間','67903345.png','https://youtu.be/ZBFRNP2w74c',3,0,'ON','','2023-04-05 02:50:37','2023-04-05 02:50:37'),
(35,'ooo','title','home','s4.png','ページ数','s4.png','qwer.soratechnology.jp',3,3,'OFF','test','2023-07-24 14:43:14','2023-07-24 14:43:14'),
(36,'ooo','testqqq','home','google-g16ca18d2a_640.png','閲覧時間','bear.png','https://aaqqqa.com',3,0,'ON','','2023-07-25 16:50:10','2023-07-25 16:50:10'),
(41,'ooo','角','home','kaku.jpg','閲覧時間','kaku.jpg','https://aaa.com',2,0,'OFF','','2023-08-23 20:07:55','2023-08-23 20:07:55');

/*Table structure for table `problem` */

DROP TABLE IF EXISTS `problem`;

CREATE TABLE `problem` (
  `id` int(10) NOT NULL AUTO_INCREMENT,
  `problem_name` varchar(30) DEFAULT NULL,
  PRIMARY KEY (`id`)
) ENGINE=InnoDB AUTO_INCREMENT=22 DEFAULT CHARSET=utf8 COLLATE=utf8_general_ci;

/*Data for the table `problem` */

insert  into `problem`(`id`,`problem_name`) values 
(1,'ブランド強化したい\r\n'),
(2,'市場調査をしたい\r\n'),
(3,'【EC/通販】 集客効率・LTVを高めたい\r\n'),
(4,'【Webマーケ】 集客効率を高めたい\r\n'),
(5,'【実店舗】 集客効率を高めたい\r\n'),
(6,'新規営業を強化したい\r\n'),
(7,'AIを活用したい\r\n'),
(8,'顧客満足を高めたい\r\n'),
(9,'動画を活用したい\r\n'),
(10,'データ利活用を強化したい\r\n'),
(11,'採用を強化したい\r\n'),
(12,'組織マネジメントを強化したい\r\n'),
(13,'人事課題を解消したい\r\n'),
(14,'人材育成を強化したい\r\n'),
(15,'離職率を改善したい\r\n'),
(16,'従業員のメンタルヘルス対策したい\r\n'),
(17,'バックオフィス業務を効率化したい\r\n'),
(18,'固定費を削減したい\r\n'),
(19,'セキュリティを強化したい\r\n'),
(20,'資本政策を加速させたい\r\n'),
(21,'内部統制を強化したい\r\n');

/*Table structure for table `redirects` */

DROP TABLE IF EXISTS `redirects`;

CREATE TABLE `redirects` (
  `id` varchar(30) NOT NULL,
  `cid` varchar(8) NOT NULL,
  `title` varchar(50) NOT NULL,
  `url` varchar(300) NOT NULL,
  `memo` text DEFAULT NULL,
  `created_at` timestamp NOT NULL DEFAULT current_timestamp(),
  `updated_at` timestamp NOT NULL DEFAULT current_timestamp(),
  PRIMARY KEY (`id`),
  UNIQUE KEY `id` (`id`)
) ENGINE=InnoDB DEFAULT CHARSET=utf8 COLLATE=utf8_general_ci;

/*Data for the table `redirects` */

insert  into `redirects`(`id`,`cid`,`title`,`url`,`memo`,`created_at`,`updated_at`) values 
('','o3xrw','【月収100万円続出！！】60代をSNSマーケティングで98％稼がせるSNSの女王様登場','','','2023-04-04 06:52:35','2023-04-04 06:52:35'),
('123424','o3xrw','tttt','http:/localhsot','','2023-04-28 11:22:37','2023-04-28 11:22:37'),
('213','o3xrw','ありがとう','http://localhost','','2023-04-27 12:38:26','2023-04-27 12:38:26'),
('252-?','o3xrw','??????','http://localhost','','2023-04-28 11:09:28','2023-04-28 11:09:28'),
('3vmo0','testtest','えええええ','https://xincx.jp/','','2023-08-23 18:23:42','2023-08-23 18:23:42'),
('aaa','3tpig','ああああああああ','https://xincx.jp/','','2023-07-18 11:40:11','2023-07-18 11:40:11'),
('aaaaa','test','あああああ','https://xincx.jp/','','2023-07-20 11:33:50','2023-07-20 11:33:50'),
('dfdc342d','o3xrw','【ChatGPT】AIでホームページ制作！画像や会社名も全部AIが自動生成！！【WEB制作】','https://youtu.be/U7x4O8m7XKM',NULL,'2023-01-29 22:41:29','2023-02-17 00:57:36'),
('hvfgt','ooo','aaa','http://aa.com','','2023-08-04 13:36:49','2023-08-23 15:37:46'),
('ntpb2','o3xrw','123123','https://localhost','wdfdsfsdf','2023-08-04 15:23:49','2023-08-04 15:23:49'),
('sd234sdfasdfads','ooo','呂シュケ','https://localhost','123456abcdef\r\n','2023-07-18 21:06:37','2023-07-18 21:06:37'),
('test','ooo','test','http://aa','','2023-07-19 11:42:10','2023-07-19 11:42:10'),
('yrmk8','o3xrw','','','','2023-08-04 23:10:22','2023-08-04 23:10:22');

/*Table structure for table `region` */

DROP TABLE IF EXISTS `region`;

CREATE TABLE `region` (
  `id` int(10) NOT NULL AUTO_INCREMENT,
  `region_name` varchar(20) NOT NULL,
  PRIMARY KEY (`id`)
) ENGINE=InnoDB AUTO_INCREMENT=48 DEFAULT CHARSET=utf8 COLLATE=utf8_general_ci;

/*Data for the table `region` */

insert  into `region`(`id`,`region_name`) values 
(1,'北海道'),
(2,'青森県'),
(3,'岩手県\r\n'),
(4,'宮城県\r\n'),
(5,'秋田県\r\n'),
(6,'山形県\r\n'),
(7,'福島県\r\n'),
(8,'茨城県\r\n'),
(9,'栃木県\r\n'),
(10,'群馬県\r\n'),
(11,'埼玉県\r\n'),
(12,'千葉県\r\n'),
(13,'東京都\r\n'),
(14,'神奈川県\r\n'),
(15,'新潟県\r\n'),
(16,'富山県\r\n'),
(17,'石川県\r\n'),
(18,'福井県\r\n'),
(19,'山梨県\r\n'),
(20,'長野県\r\n'),
(21,'岐阜県\r\n'),
(22,'静岡県\r\n'),
(23,'愛知県\r\n'),
(24,'三重県\r\n'),
(25,'滋賀県\r\n'),
(26,'京都府\r\n'),
(27,'大阪府\r\n'),
(28,'兵庫県\r\n'),
(29,'奈良県\r\n'),
(30,'和歌山県\r\n'),
(31,'鳥取県\r\n'),
(32,'島根県\r\n'),
(33,'岡山県\r\n'),
(34,'広島県'),
(35,'山口県\r\n'),
(36,'徳島県\r\n'),
(37,'香川県\r\n'),
(38,'愛媛県\r\n'),
(39,'高知県\r\n'),
(40,'福岡県\r\n'),
(41,'佐賀県\r\n'),
(42,'長崎県\r\n'),
(43,'熊本県\r\n'),
(44,'大分県\r\n'),
(45,'宮崎県\r\n'),
(46,'鹿児島県\r\n'),
(47,'沖縄県\r\n');

/*Table structure for table `report_csv` */

DROP TABLE IF EXISTS `report_csv`;

CREATE TABLE `report_csv` (
  `id` int(10) NOT NULL AUTO_INCREMENT,
  `csv_name` varchar(100) DEFAULT NULL,
  PRIMARY KEY (`id`)
) ENGINE=InnoDB DEFAULT CHARSET=utf8 COLLATE=utf8_general_ci;

/*Data for the table `report_csv` */

/*Table structure for table `role` */

DROP TABLE IF EXISTS `role`;

CREATE TABLE `role` (
  `id` int(10) NOT NULL AUTO_INCREMENT,
  `role` varchar(30) DEFAULT NULL,
  PRIMARY KEY (`id`)
) ENGINE=InnoDB AUTO_INCREMENT=8 DEFAULT CHARSET=utf8 COLLATE=utf8_general_ci;

/*Data for the table `role` */

insert  into `role`(`id`,`role`) values 
(1,'経営者'),
(2,'役員（取締役）'),
(3,'事業部長・工場長'),
(4,'部長・課長\r\n'),
(5,'係長・主任'),
(6,'一般社員・職員'),
(7,'契約・派遣・委託');

/*Table structure for table `schedules` */

DROP TABLE IF EXISTS `schedules`;

CREATE TABLE `schedules` (
  `id` int(11) NOT NULL AUTO_INCREMENT,
  `cid` varchar(20) NOT NULL,
  `scheduled_datetime` datetime NOT NULL,
  `template_id` int(11) NOT NULL,
  `from_email` varchar(100) NOT NULL,
  `from_name` varchar(50) NOT NULL,
  `subject` varchar(100) NOT NULL,
  `content` text NOT NULL,
  `to_data` text NOT NULL,
  `created_at` timestamp NOT NULL DEFAULT current_timestamp(),
  PRIMARY KEY (`id`)
) ENGINE=InnoDB AUTO_INCREMENT=72 DEFAULT CHARSET=utf8 COLLATE=utf8_general_ci;

/*Data for the table `schedules` */

insert  into `schedules`(`id`,`cid`,`scheduled_datetime`,`template_id`,`from_email`,`from_name`,`subject`,`content`,`to_data`,`created_at`) values 
(70,'ooo','2023-08-23 20:15:00',24,'','','template test','template test','a:2:{i:0;a:5:{i:0;s:19:\"rostyle95@gmail.com\";i:1;s:0:\"\";i:2;s:6:\"坂本\";i:3;s:3:\"九\";i:4;s:19:\"株式会社99999-9\";}i:1;a:5:{i:0;s:23:\"r.o.style.llc@gmail.com\";i:1;s:0:\"\";i:2;s:6:\"吉田\";i:3;s:3:\"八\";i:4;s:19:\"株式会社99999-8\";}}','2023-08-23 20:14:35');

/*Table structure for table `small_categories` */

DROP TABLE IF EXISTS `small_categories`;

CREATE TABLE `small_categories` (
  `id` int(10) NOT NULL AUTO_INCREMENT,
  `title` varchar(50) NOT NULL,
  `l_id` int(10) NOT NULL,
  PRIMARY KEY (`id`)
) ENGINE=InnoDB AUTO_INCREMENT=264 DEFAULT CHARSET=utf8 COLLATE=utf8_general_ci;

/*Data for the table `small_categories` */

insert  into `small_categories`(`id`,`title`,`l_id`) values 
(1,'イタリアン・フレンチ',1),
(2,'カレー',1),
(3,'スイーツ',1),
(4,'すし',1),
(5,'そば・うどん\r\n',1),
(6,'たご焼き・お好み焼き\r\n',1),
(7,'ファーストフード\r\n',1),
(8,'ラーメン\r\n',1),
(9,'レストラン\r\n',1),
(10,'飲み屋\r\n',1),
(11,'各国料理\r\n',1),
(12,'喫茶店・カフェ\r\n',1),
(13,'魚料理\r\n',1),
(14,'郷土料理店\r\n',1),
(15,'中華・中国料理\r\n',1),
(16,'肉料理\r\n',1),
(17,'弁当・宅配\r\n',1),
(18,'和食\r\n',1),
(19,'CD・DVD・ビデオ・レコード',2),
(20,'アウトレットモール\r\n',2),
(21,'おもちゃ・ゲーム\r\n',2),
(22,'お菓子・スイーツ',2),
(23,'コンビニ・スーパー・デパート\r\n',2),
(24,'スポーツ用品\r\n',2),
(25,'その他ショッビング\r\n',2),
(26,'チケット\r\n',2),
(27,'ベビー ・子ども用品\r\n',2),
(28,'リサイクルショップ\r\n',2),
(29,'靴・かばん・小物\r\n',2),
(30,'自転車\r\n',2),
(31,'酒・飲料品\r\n',2),
(32,'食料品\r\n',2),
(33,'制服・作業服\r\n',2),
(34,'生活用品\r\n',2),
(35,'贈り物・みやげ\r\n',2),
(36,'通販\r\n',2),
(37,'文房具\r\n',2),
(38,'本\r\n',2),
(39,'洋服\r\n',2),
(40,'IT・情報通信',3),
(41,'OA機器\r\n',3),
(42,'アウトソーシング',3),
(43,'イベント\r\n',3),
(44,'その他サービス\r\n',3),
(45,'ソフトウェア\r\n',3),
(46,'ビルメンテナンス',3),
(47,'リース・レンタル',3),
(48,'印刷・出版\r\n',3),
(49,'送·貨物・倉庫\r\n',3),
(50,'環境\r\n',3),
(51,'鑑定業\r\n',3),
(52,'広告・マーケティング\r\n',3),
(53,'鉱業\r\n',3),
(54,'士業・コンサルタント\r\n',3),
(55,'自動車卸\r\n',3),
(56,'修理\r\n',3),
(57,'商社・貿易\r\n',3),
(58,'水産業\r\n',3),
(59,'製造・加工(その他)\r\n',3),
(60,'製造・加工(衣料開連)\r\n',3),
(61,'製造・加工(医療・開連)\r\n',3),
(62,'製造・加工(化学・プラスチック)\r\n',3),
(63,'製造・加工(金製品)',3),
(64,'製造・加工(建資材)\r\n',3),
(65,'製造加工(工作機械・一般機械器具)\r\n',3),
(66,'製造・加工(食料品)\r\n',3),
(67,'製造・加工(生活貨·日用品)\r\n',3),
(68,'製造・加工(石油・石炭製品)\r\n',3),
(69,'製造・加工(装・設備)\r\n',3),
(70,'製造・加工(鉄製品)\r\n',3),
(71,'製造・加工(気機械具)\r\n',3),
(72,'製造・加工(電子・精密機械具)\r\n',3),
(73,'製造・加工(非鉄金属製品)\r\n',3),
(74,'製造・加工(木製品・紙・バルプ開連)\r\n',3),
(75,'製造・加工(輸送機械具)\r\n',3),
(76,'製造・加工(窯業・土石)\r\n',3),
(77,'設備工事業\r\n',3),
(78,'専門サービス業\r\n',3),
(79,'総合・職別工事業\r\n',3),
(80,'著述・芸術家\r\n',3),
(81,'農業\r\n',3),
(82,'廃棄物処理\r\n',3),
(83,'販売・卸(その他)\r\n',3),
(84,'販売・卸(その他機械器具)\r\n',3),
(85,'販売・卸(衣料開)\r\n',3),
(86,'販売卸(医薬・化品)\r\n',3),
(87,'販売・卸(一般機械)\r\n',3),
(88,'販売・卸(家具·建具等)\r\n',3),
(89,'販売・卸(建設資材)\r\n',3),
(90,'販売·卸(工作機械·一般機械器具)\r\n',3),
(91,'販売・卸(鉱物・金属材料)\r\n',3),
(92,'販売卸(食料品)\r\n',3),
(93,'販売卸(気機械具)\r\n',3),
(94,'販売・卸(日用品)\r\n',3),
(95,'不動産・賃貸\r\n',3),
(96,'翻訳・通訳\r\n',3),
(97,'林業\r\n',3),
(98,'その他ベット関連サービス',4),
(99,'ブリーダー',4),
(100,'ベットショップ\r\n',4),
(101,'ベットホテル\r\n',4),
(102,'ペット美容室\r\n',4),
(103,'ベット霊園・葬祭\r\n',4),
(104,'犬訓練所',4),
(105,'動物病院・獣医師\r\n',4),
(106,'アウトドア\r\n',5),
(107,'ウィンタースポーツ\r\n',5),
(108,'ゴルフ\r\n',5),
(109,'サッカー\r\n',5),
(110,'スポーツ施設\r\n',5),
(111,'テニス\r\n',5),
(112,'フィットネス\r\n',5),
(113,'プレイスボット\r\n',5),
(114,'マンガ・ネットカフェ\r\n',5),
(115,'モータースポーツ\r\n',5),
(116,'映画・劇場・会館\r\n',5),
(117,'屋外遊戯\r\n',5),
(118,'屋內遊戯\r\n',5),
(119,'娯楽\r\n',5),
(120,'公堂競技\r\n',5),
(121,'釣り\r\n',5),
(122,'動物園・植物園・水族館\r\n',5),
(123,'博物館・美術館\r\n',5),
(124,'武道・格闘技\r\n',5),
(125,'あん摩・はり・きゅう\r\n',6),
(126,'バンク\r\n',6),
(127,'リハビリテーション\r\n',6),
(128,'医院・診療所・療所\r\n',6),
(129,'介護・福祉\r\n',6),
(130,'外科系\r\n',6),
(131,'眼科\r\n',6),
(132,'休日夜間医療\r\n',6),
(133,'健康グッズ\r\n',6),
(134,'産科・婦人科系\r\n',6),
(135,'歯科系\r\n',6),
(136,'耳鼻咽喉科\r\n',6),
(137,'小児科系\r\n',6),
(138,'人間ドック\r\n',6),
(139,'整体等各種療術\r\n',6),
(140,'精神科心療内科\r\n',6),
(141,'総合病院\r\n',6),
(142,'内科系\r\n',6),
(143,'泌尿器科\r\n',6),
(144,'皮膚科・アレルギー科\r\n',6),
(145,'保険衛生\r\n',6),
(146,'放射線科\r\n',6),
(147,'薬\r\n',6),
(148,'臨床検査\r\n',6),
(149,'肛門科\r\n',6),
(150,'結婚・宴会\r\n',7),
(151,'写真・ビデオ・スライド\r\n',7),
(152,'宗教\r\n',7),
(153,'葬儀\r\n',7),
(154,'仏壇・仏具・神具\r\n',7),
(155,'スポーツ',8),
(156,'その他\r\n',8),
(157,'マリンスボーツ\r\n',8),
(158,'各種学校\r\n',8),
(159,'求人\r\n',8),
(160,'語学\r\n',8),
(161,'資格\r\n',8),
(162,'趣味\r\n',8),
(163,'塾・予備校',8),
(164,'書道・そろばん\r\n',8),
(165,'小・中・高·大学等\r\n',8),
(166,'專修学校\r\n',8),
(167,'特殊教育諸学校\r\n',8),
(168,'武道\r\n',8),
(169,'幼児教室\r\n',8),
(170,'幼稚園・保育施設\r\n',8),
(171,'外国公館\r\n',9),
(172,'官公暑\r\n',9),
(173,'教育\r\n',9),
(174,'公庫・公社·事業団\r\n',9),
(175,'裁判所\r\n',9),
(176,'市区町村機関\r\n',9),
(177,'消防警察\r\n',9),
(178,'図書館\r\n',9),
(179,'組合・団体\r\n',9),
(180,'都道府具機関\r\n',9),
(181,'保健所・稅務暑\r\n',9),
(182,'組合・団体\r\n',9),
(183,'カー用品\r\n',10),
(184,'ガソリンスタンド\r\n',10),
(185,'バイク中古・買取\r\n',10),
(186,'バイク販売\r\n',10),
(187,'バイク用品',10),
(188,'レッカー・その他\r\n',10),
(189,'レンタカー・リース\r\n',10),
(190,'自動車販売\r\n',10),
(191,'車検・整備・修理\r\n',10),
(192,'洗車・コーティング\r\n',10),
(193,'中古車・買取\r\n',10),
(194,'駐車場・バーキング\r\n',10),
(195,'CDㆍDVD\r\n',11),
(196,'おもちゃ・キャラクタ\r\n',11),
(197,'コレクション\r\n',11),
(198,'ダンス・おどり\r\n',11),
(199,'ホームクラフト\r\n',11),
(200,'囲基・将棋・ボード\r\n',11),
(201,'音楽\r\n',11),
(202,'華道・茶道\r\n',11),
(203,'縫・手芸\r\n',11),
(204,'占い\r\n',11),
(205,'美術・工芸\r\n',11),
(206,'本・書籍\r\n',11),
(207,'模型\r\n',11),
(208,'エクステリア\r\n',12),
(209,'ガーデニング\r\n',12),
(210,'バス・トイレ・キッチン\r\n',12),
(211,'リフォーム\r\n',12),
(212,'引越\r\n',12),
(213,'家具・インテリア\r\n',12),
(214,'家重\r\n',12),
(215,'空調\r\n',12),
(216,'建材\r\n',12),
(217,'建設業・工務店\r\n',12),
(218,'住まいのクリーニング\r\n',12),
(219,'痕目\r\n',12),
(220,'造周\r\n',12),
(221,'燃料\r\n',12),
(222,'不動産\r\n',12),
(223,'防犯・防火\r\n',12),
(224,'アクセサリー\r\n',13),
(225,'クリーニング\r\n',13),
(226,'ランジェリー\r\n',13),
(227,'衣料材料・用品\r\n',13),
(228,'衣類のリフォーム\r\n',13),
(229,'貸衣裳\r\n',13),
(230,'美容・コスメ\r\n',13),
(231,'美容院・理容店・毛髮業\r\n',13),
(232,'和服\r\n',13),
(233,'クリーニング・コインランドリー\r\n',14),
(234,'ゴミ収集・資源回収',14),
(235,'その他修理',14),
(236,'その他生活関連サービス\r\n',14),
(237,'タクシー\r\n',14),
(238,'映画・放送·新聞\r\n',14),
(239,'害虫·害獣駆除\r\n',14),
(240,'金融郵・貸金\r\n',14),
(241,'交通機関\r\n',14),
(242,'写真館・現像\r\n',14),
(243,'証券・保険・商品先物\r\n',14),
(244,'情報提供サービス\r\n',14),
(245,'水道・ガス・電力\r\n',14),
(246,'占い・姓名判断\r\n',14),
(247,'相談・調查\r\n',14),
(248,'代行・支援サービス\r\n',14),
(249,'宅配便\r\n',14),
(250,'中古品売買\r\n',14),
(251,'賃貸・レンタル\r\n',14),
(252,'電話・通信\r\n',14),
(253,'おみやげ\r\n',15),
(254,'キャンプ\r\n',15),
(255,'その他宿泊施設\r\n',15),
(256,'ホテル・ベンション\r\n',15),
(257,'モーテル・ラブホテル\r\n',15),
(258,'観光・温泉・湯\r\n',15),
(259,'公共宿泊施設\r\n',15),
(260,'道の駅\r\n',15),
(261,'予約\r\n',15),
(262,'旅館·民宿\r\n',15),
(263,'旅行業・代理店\r\n',15);

/*Table structure for table `templates` */

DROP TABLE IF EXISTS `templates`;

CREATE TABLE `templates` (
  `id` int(11) NOT NULL AUTO_INCREMENT,
  `cid` varchar(25) NOT NULL,
  `from_id` varchar(30) DEFAULT NULL,
  `subject` varchar(100) NOT NULL,
  `content` text NOT NULL,
  `division` varchar(15) NOT NULL,
  `created_at` timestamp NOT NULL DEFAULT current_timestamp(),
  `updated_at` timestamp NOT NULL DEFAULT current_timestamp(),
  PRIMARY KEY (`id`)
) ENGINE=InnoDB AUTO_INCREMENT=72 DEFAULT CHARSET=utf8 COLLATE=utf8_general_ci;

/*Data for the table `templates` */

insert  into `templates`(`id`,`cid`,`from_id`,`subject`,`content`,`division`,`created_at`,`updated_at`) values 
(13,'o3xrw','53','お問い合せありがとうございました','','メール配信','2023-05-04 03:23:18','2023-08-17 21:16:54'),
(14,'o3xrw','10','お問い合せありがとうございました','__code1__　様\r\n\r\nお問い合わせを受け付けました。\r\n\r\n資料はこちらです。\r\n__pdf1__','フォーム営業','2023-05-21 11:16:31','2023-05-21 11:16:31'),
(15,'o3xrw','53','NEW差し込み','_company_	御中\r\n\r\n_lastname_　_firstname_	様\r\n','メール配信','2023-05-24 12:15:26','2023-08-17 21:16:45'),
(17,'ooo','22','件名のテスト','メモの内容','メール配信','2023-07-18 11:13:27','2023-07-18 11:13:27'),
(18,'3tpig','10','BBBBBBBBBB','あああああああ\r\n__redl1__	\r\nあああああああ\r\n_company_	\r\nあああああああ\r\n_lastname_	\r\nあああああああ\r\n_firstname_\r\nあああああああ\r\nあああああああ\r\nあああああああ','フォーム営業','2023-07-18 11:42:57','2023-07-19 00:45:07'),
(19,'ooo','21','テスト','あああ','フォーム営業','2023-07-19 09:55:00','2023-07-19 09:55:00'),
(20,'test','10','メール送信テスト','あああああああ\r\nあああああああ\r\n_company_	\r\n_lastname_\r\n_firstname_	\r\n__pdf1__\r\n__redl1__\r\nあああああああ\r\n\r\nあああああああ\r\n\r\nあああああああ','メール配信','2023-07-20 11:38:05','2023-07-21 00:40:42'),
(22,'ooo','21','ありがとうございます','開発者\r\ncode\r\n\r\ncompany','メール配信','2023-07-24 18:11:06','2023-07-24 18:11:06'),
(23,'ooo','22','aaa','a','メール配信','2023-07-25 01:44:09','2023-07-25 01:44:09'),
(24,'ooo','21','template test','template test','メール配信','2023-07-28 22:34:00','2023-07-28 22:34:00'),
(25,'ooo','10','テストaa','aaa','フォーム営業','2023-07-29 00:53:41','2023-07-29 00:53:41'),
(40,'ooo',NULL,'フォーム営業３','__pdf3__','フォーム営業','2023-08-04 11:39:38','2023-08-04 11:39:38'),
(61,'o3xrw','10','template test','aaaaaaa\r\nbbbbb','メール配信','2023-08-17 13:23:54','2023-08-17 13:23:54'),
(70,'testtest','57','HHHHHHHH','ああああああ\r\nああああああ\r\n\r\nああああああ\r\nああああああ\r\n\r\nああああああ\r\nああああああ','メール配信','2023-08-23 18:21:01','2023-08-23 18:21:01'),
(71,'testtest',NULL,'DDDDDD','いいいいいいいいいいい\r\nいいいいいいいいいいい\r\n\r\n\r\nいいいいいいいいいいい\r\nいいいいいいいいいいい\r\nいいいいいいいいいいい','フォーム営業','2023-08-23 18:51:41','2023-08-23 18:51:41');

/*Table structure for table `user_pdf_access` */

DROP TABLE IF EXISTS `user_pdf_access`;

CREATE TABLE `user_pdf_access` (
  `access_id` int(11) NOT NULL AUTO_INCREMENT,
  `user_id` varchar(255) DEFAULT NULL,
  `pdf_version_id` int(11) NOT NULL,
  `cid` varchar(30) NOT NULL,
  `page` int(11) NOT NULL,
  `accessed_at` timestamp NOT NULL DEFAULT current_timestamp(),
  `duration` int(11) DEFAULT NULL,
  PRIMARY KEY (`access_id`),
  KEY `user_id` (`user_id`),
  KEY `pdf_version_id` (`pdf_version_id`),
  CONSTRAINT `user_pdf_access_ibfk_1` FOREIGN KEY (`user_id`) REFERENCES `users` (`user_id`),
  CONSTRAINT `user_pdf_access_ibfk_2` FOREIGN KEY (`pdf_version_id`) REFERENCES `pdf_versions` (`pdf_version_id`)
) ENGINE=InnoDB AUTO_INCREMENT=2453 DEFAULT CHARSET=utf8 COLLATE=utf8_general_ci;

/*Data for the table `user_pdf_access` */

insert  into `user_pdf_access`(`access_id`,`user_id`,`pdf_version_id`,`cid`,`page`,`accessed_at`,`duration`) values 
(401,'1111-1',29,'o3xrw',3,'2023-04-09 23:41:12',1),
(402,'1111-1',29,'o3xrw',2,'2023-04-09 23:41:13',5),
(403,'1111-1',29,'o3xrw',1,'2023-04-09 23:41:18',3),
(404,'1111-1',29,'o3xrw',2,'2023-04-09 23:41:20',6),
(405,'1111-1',29,'o3xrw',3,'2023-04-09 23:41:26',3),
(406,'1111-1',29,'o3xrw',2,'2023-04-09 23:41:30',1),
(407,'1111-1',29,'o3xrw',1,'2023-04-09 23:41:31',2),
(408,'1111-1',29,'o3xrw',2,'2023-04-09 23:41:33',1019),
(409,'1111-1',29,'o3xrw',0,'2023-04-09 23:58:32',16),
(410,'1111-1',29,'o3xrw',2,'2023-04-09 23:58:48',107),
(411,'1111-1',29,'o3xrw',2,'2023-04-10 00:00:35',13),
(412,'1111-1',29,'o3xrw',0,'2023-04-10 00:00:48',191),
(413,'1111-1',29,'o3xrw',0,'2023-04-10 00:03:59',58),
(414,'1111-1',29,'o3xrw',0,'2023-04-10 00:04:58',8),
(415,'1111-1',29,'o3xrw',0,'2023-04-10 00:05:07',79),
(416,'1111-1',29,'o3xrw',0,'2023-04-10 00:06:26',62),
(417,'1111-1',29,'o3xrw',0,'2023-04-10 00:07:28',12),
(418,'1111-1',29,'o3xrw',2,'2023-04-10 00:07:40',1),
(419,'1111-1',29,'o3xrw',1,'2023-04-10 00:07:41',3),
(420,'1111-1',29,'o3xrw',2,'2023-04-10 00:07:44',1),
(421,'1111-1',29,'o3xrw',3,'2023-04-10 00:07:46',9),
(422,'1111-1',29,'o3xrw',2,'2023-04-10 00:07:55',1),
(423,'1111-1',29,'o3xrw',1,'2023-04-10 00:07:56',10),
(424,'1111-1',29,'o3xrw',0,'2023-04-10 00:08:07',8),
(425,'1111-1',29,'o3xrw',2,'2023-04-10 00:08:15',7),
(426,'1111-1',29,'o3xrw',1,'2023-04-10 00:08:22',6),
(427,'1111-1',29,'o3xrw',0,'2023-04-10 00:08:29',75),
(428,'1111-1',29,'o3xrw',0,'2023-04-10 00:09:44',121),
(429,'1111-1',29,'o3xrw',0,'2023-04-10 00:11:46',101),
(430,'1111-1',29,'o3xrw',0,'2023-04-10 00:13:27',12),
(431,'1111-1',29,'o3xrw',2,'2023-04-10 00:13:39',14),
(432,'1111-1',29,'o3xrw',1,'2023-04-10 00:13:54',15),
(433,'1111-1',29,'o3xrw',2,'2023-04-10 00:14:09',1),
(434,'1111-1',29,'o3xrw',3,'2023-04-10 00:14:10',1),
(435,'1111-1',29,'o3xrw',1,'2023-04-10 00:14:12',241),
(436,'1111-1',29,'o3xrw',1,'2023-04-10 00:18:13',19),
(437,'1111-1',29,'o3xrw',0,'2023-04-10 00:18:33',8),
(438,'1111-1',29,'o3xrw',2,'2023-04-10 00:18:41',8),
(439,'1111-1',29,'o3xrw',3,'2023-04-10 00:18:50',5),
(440,'1111-1',29,'o3xrw',4,'2023-04-10 00:18:55',1),
(441,'1111-1',29,'o3xrw',3,'2023-04-10 00:18:57',0),
(442,'1111-1',29,'o3xrw',2,'2023-04-10 00:18:57',2),
(443,'1111-1',29,'o3xrw',1,'2023-04-10 00:19:00',3),
(444,'1111-1',29,'o3xrw',2,'2023-04-10 00:19:03',15),
(445,'1111-1',29,'o3xrw',0,'2023-04-10 00:19:19',7),
(446,'1111-1',29,'o3xrw',2,'2023-04-10 00:19:26',52),
(447,'1111-1',29,'o3xrw',2,'2023-04-10 00:20:18',2),
(448,'1111-1',29,'o3xrw',1,'2023-04-10 00:20:21',3),
(449,'1111-1',29,'o3xrw',2,'2023-04-10 00:20:25',379),
(450,'1111-1',29,'o3xrw',2,'2023-04-10 00:26:44',1),
(451,'1111-1',29,'o3xrw',1,'2023-04-10 00:26:46',4),
(452,'1111-1',29,'o3xrw',2,'2023-04-10 00:26:50',4),
(453,'1111-1',29,'o3xrw',3,'2023-04-10 00:26:54',1),
(454,'1111-1',29,'o3xrw',4,'2023-04-10 00:26:56',3),
(455,'1111-1',29,'o3xrw',0,'2023-04-10 00:26:59',56),
(456,'1111-1',29,'o3xrw',0,'2023-04-10 00:27:56',6),
(457,'1111-1',29,'o3xrw',2,'2023-04-10 00:28:03',3),
(458,'1111-1',29,'o3xrw',3,'2023-04-10 00:28:06',4),
(459,'1111-1',29,'o3xrw',0,'2023-04-10 00:28:11',7),
(460,'1111-1',29,'o3xrw',2,'2023-04-10 00:28:18',2),
(461,'1111-1',29,'o3xrw',0,'2023-04-13 11:28:42',264),
(462,'1111-1',29,'o3xrw',0,'2023-04-13 11:33:06',109),
(463,'1111-1',29,'o3xrw',0,'2023-04-13 11:34:56',224),
(464,'1111-1',29,'o3xrw',0,'2023-04-13 11:38:40',101),
(465,'1111-1',29,'o3xrw',0,'2023-04-13 11:40:21',7),
(466,'5432135',41,'o3xrw',0,'2023-04-30 05:17:33',0),
(467,'5432135',30,'o3xrw',0,'2023-04-30 05:31:31',246),
(468,'5432135',30,'o3xrw',0,'2023-04-30 05:38:10',141),
(469,'5432135',30,'o3xrw',0,'2023-04-30 05:40:30',2),
(470,'5432135',30,'o3xrw',0,'2023-04-30 05:40:32',285),
(471,'5432135',30,'o3xrw',0,'2023-04-30 05:45:17',0),
(472,'5432135',30,'o3xrw',0,'2023-04-30 05:47:25',0),
(473,'5432135',30,'o3xrw',0,'2023-04-30 05:47:49',0),
(474,'5432135',30,'o3xrw',0,'2023-04-30 05:47:50',0),
(475,'5432135',30,'o3xrw',0,'2023-04-30 05:48:22',0),
(476,'5432135',30,'o3xrw',0,'2023-04-30 05:48:22',0),
(477,'5432135',30,'o3xrw',0,'2023-04-30 05:48:23',0),
(478,'5432135',30,'o3xrw',0,'2023-04-30 05:48:23',0),
(479,'5432135',30,'o3xrw',0,'2023-04-30 05:48:23',0),
(480,'5432135',30,'o3xrw',0,'2023-04-30 05:50:42',0),
(481,'5432135',30,'o3xrw',0,'2023-04-30 05:51:13',0),
(482,'5432135',30,'o3xrw',0,'2023-04-30 05:51:40',0),
(483,'5432135',30,'o3xrw',0,'2023-04-30 05:51:41',0),
(484,'5432135',30,'o3xrw',0,'2023-04-30 05:51:42',0),
(485,'5432135',30,'o3xrw',0,'2023-04-30 05:52:37',0),
(486,'5432135',30,'o3xrw',0,'2023-04-30 05:52:38',0),
(487,'5432135',30,'o3xrw',0,'2023-04-30 05:53:26',0),
(488,'5432135',30,'o3xrw',0,'2023-04-30 05:53:27',0),
(489,'5432135',30,'o3xrw',0,'2023-04-30 05:57:01',0),
(490,'5432135',30,'o3xrw',0,'2023-04-30 05:57:28',0),
(491,'5432135',30,'o3xrw',0,'2023-04-30 05:58:24',0),
(492,'5432135',30,'o3xrw',0,'2023-04-30 05:59:32',0),
(493,'5432135',30,'o3xrw',0,'2023-04-30 05:59:33',0),
(494,'5432135',30,'o3xrw',0,'2023-04-30 05:59:34',0),
(495,'5432135',30,'o3xrw',0,'2023-04-30 05:59:46',0),
(496,'5432135',30,'o3xrw',0,'2023-04-30 06:00:17',0),
(497,'5432135',30,'o3xrw',0,'2023-04-30 06:00:31',0),
(498,'5432135',30,'o3xrw',0,'2023-04-30 06:00:49',0),
(499,'5432135',30,'o3xrw',0,'2023-04-30 06:01:03',0),
(500,'5432135',30,'o3xrw',0,'2023-04-30 06:01:42',0),
(501,'5432135',30,'o3xrw',0,'2023-04-30 06:02:16',0),
(502,'5432135',30,'o3xrw',0,'2023-04-30 06:03:24',0),
(503,'5432135',30,'o3xrw',0,'2023-04-30 06:03:35',0),
(504,'5432135',30,'o3xrw',0,'2023-04-30 06:03:55',0),
(505,'5432135',30,'o3xrw',0,'2023-04-30 06:04:08',0),
(506,'5432135',30,'o3xrw',0,'2023-04-30 06:04:30',0),
(507,'5432135',30,'o3xrw',0,'2023-04-30 06:05:26',0),
(508,'5432135',30,'o3xrw',0,'2023-04-30 06:05:33',0),
(509,'5432135',30,'o3xrw',0,'2023-04-30 06:05:34',0),
(510,'5432135',30,'o3xrw',0,'2023-04-30 06:05:54',0),
(511,'5432135',30,'o3xrw',0,'2023-04-30 06:06:32',0),
(512,'5432135',30,'o3xrw',0,'2023-04-30 06:09:19',0),
(513,'5432135',30,'o3xrw',0,'2023-04-30 06:10:25',0),
(514,'5432135',30,'o3xrw',0,'2023-04-30 06:11:22',0),
(515,'5432135',30,'o3xrw',0,'2023-04-30 06:11:32',0),
(516,'5432135',30,'o3xrw',0,'2023-04-30 06:11:51',0),
(517,'5432135',30,'o3xrw',0,'2023-04-30 06:11:58',0),
(518,'5432135',30,'o3xrw',0,'2023-04-30 06:12:03',0),
(519,'5432135',30,'o3xrw',0,'2023-04-30 06:12:28',0),
(520,'5432135',30,'o3xrw',0,'2023-04-30 06:12:29',0),
(521,'5432135',30,'o3xrw',0,'2023-04-30 06:12:31',0),
(522,'5432135',30,'o3xrw',0,'2023-04-30 06:16:41',0),
(523,'5432135',30,'o3xrw',0,'2023-04-30 06:17:12',0),
(524,'5432135',30,'o3xrw',0,'2023-04-30 06:17:21',0),
(525,'5432135',30,'o3xrw',0,'2023-04-30 06:17:35',0),
(526,'5432135',30,'o3xrw',0,'2023-04-30 06:17:48',0),
(527,'5432135',30,'o3xrw',0,'2023-04-30 06:18:31',0),
(528,'5432135',30,'o3xrw',0,'2023-04-30 06:18:41',0),
(529,'5432135',30,'o3xrw',0,'2023-04-30 06:18:45',0),
(530,'5432135',30,'o3xrw',0,'2023-04-30 06:19:17',0),
(531,'5432135',30,'o3xrw',0,'2023-04-30 06:19:17',0),
(532,'5432135',30,'o3xrw',0,'2023-04-30 06:19:17',0),
(533,'5432135',30,'o3xrw',0,'2023-04-30 06:19:18',0),
(534,'5432135',30,'o3xrw',0,'2023-04-30 06:19:18',0),
(535,'5432135',30,'o3xrw',0,'2023-04-30 06:20:30',0),
(536,'5432135',30,'o3xrw',0,'2023-04-30 06:22:44',0),
(537,'5432135',30,'o3xrw',0,'2023-04-30 06:27:33',0),
(538,'5432135',30,'o3xrw',0,'2023-04-30 06:27:37',0),
(539,'5432135',30,'o3xrw',0,'2023-04-30 06:27:37',0),
(540,'5432135',30,'o3xrw',0,'2023-04-30 06:33:32',0),
(541,'1111-1',41,'o3xrw',0,'2023-05-03 23:31:49',0),
(542,'1111-1',41,'o3xrw',2,'2023-05-03 23:31:53',0),
(543,'1111-1',41,'o3xrw',0,'2023-05-03 23:32:08',0),
(544,'5432135',30,'o3xrw',0,'2023-05-09 06:52:22',0),
(545,'5432135',30,'o3xrw',3,'2023-05-09 06:53:32',0),
(546,'5432135',30,'o3xrw',2,'2023-05-09 06:53:37',0),
(547,'5432135',30,'o3xrw',2,'2023-05-10 04:25:00',0),
(549,'5432135',30,'o3xrw',3,'2023-05-10 04:26:36',0),
(550,'5432135',41,'o3xrw',0,'2023-05-10 11:19:55',0),
(551,'5432135',41,'o3xrw',0,'2023-05-10 11:27:37',0),
(552,'5432135',41,'o3xrw',0,'2023-05-10 11:27:57',0),
(553,'5432135',41,'o3xrw',0,'2023-05-10 11:27:58',0),
(554,'5432135',41,'o3xrw',0,'2023-05-10 11:28:03',0),
(555,'5432135',41,'o3xrw',6,'2023-05-10 11:28:13',0),
(556,'5432135',41,'o3xrw',5,'2023-05-10 11:28:17',0),
(557,'5432135',41,'o3xrw',4,'2023-05-10 11:28:18',0),
(558,'5432135',41,'o3xrw',4,'2023-05-10 11:28:20',0),
(559,'5432135',41,'o3xrw',3,'2023-05-10 11:28:29',0),
(560,'5432135',41,'o3xrw',2,'2023-05-10 11:28:30',0),
(561,'5432135',41,'o3xrw',1,'2023-05-10 11:28:31',0),
(562,'5432135',41,'o3xrw',1,'2023-05-10 11:28:34',0),
(563,'5432135',41,'o3xrw',1,'2023-05-10 11:28:42',0),
(564,'5432135',41,'o3xrw',1,'2023-05-10 11:28:43',0),
(565,'5432135',41,'o3xrw',1,'2023-05-10 11:28:43',0),
(566,'5432135',41,'o3xrw',1,'2023-05-10 11:28:43',0),
(567,'5432135',41,'o3xrw',1,'2023-05-10 11:28:44',0),
(568,'5432135',41,'o3xrw',1,'2023-05-10 11:28:46',0),
(569,'5432135',41,'o3xrw',1,'2023-05-10 11:28:47',0),
(570,'5432135',41,'o3xrw',1,'2023-05-10 11:28:47',0),
(571,'5432135',41,'o3xrw',1,'2023-05-10 11:30:35',0),
(572,'5432135',41,'o3xrw',1,'2023-05-10 11:30:36',0),
(573,'5432135',41,'o3xrw',1,'2023-05-10 11:30:37',0),
(577,'5432135',30,'o3xrw',2,'2023-05-10 11:40:06',169),
(578,'5432135',41,'o3xrw',0,'2023-05-10 11:42:55',0),
(580,'1-1114',41,'o3xrw',0,'2023-05-10 12:02:04',0),
(584,NULL,30,'o3xrw',0,'2023-05-10 12:34:03',0),
(585,NULL,41,'o3xrw',0,'2023-05-17 23:56:56',0),
(586,NULL,30,'o3xrw',0,'2023-05-18 00:00:36',0),
(587,NULL,30,'o3xrw',0,'2023-05-18 00:02:34',0),
(588,NULL,30,'o3xrw',3,'2023-05-18 00:05:10',0),
(589,NULL,30,'o3xrw',2,'2023-05-18 00:05:15',0),
(590,NULL,30,'o3xrw',0,'2023-05-18 03:53:59',0),
(591,NULL,41,'o3xrw',0,'2023-05-20 10:01:31',0),
(592,NULL,30,'o3xrw',0,'2023-05-20 10:03:07',0),
(593,NULL,30,'o3xrw',0,'2023-05-20 10:47:21',0),
(594,NULL,30,'o3xrw',0,'2023-05-20 11:22:42',0),
(595,NULL,30,'o3xrw',0,'2023-05-20 11:22:45',0),
(596,NULL,30,'o3xrw',0,'2023-05-20 11:23:59',0),
(597,NULL,30,'o3xrw',0,'2023-05-20 23:02:44',0),
(598,NULL,41,'o3xrw',0,'2023-05-20 23:17:30',0),
(599,'32454-1',41,'o3xrw',0,'2023-05-21 00:07:08',19),
(600,'32454-1',41,'o3xrw',0,'2023-05-21 00:07:28',0),
(601,'32454-1',41,'o3xrw',0,'2023-05-21 00:08:47',57),
(602,'32454-1',41,'o3xrw',0,'2023-05-21 00:09:44',2228),
(603,'32454-1',41,'o3xrw',0,'2023-05-21 00:13:53',385),
(604,'32454-1',41,'o3xrw',0,'2023-05-21 00:20:18',1598),
(605,'32454-1',41,'o3xrw',0,'2023-05-21 00:46:56',87),
(606,'32454-1',41,'o3xrw',0,'2023-05-21 00:48:23',9),
(607,'32454-1',41,'o3xrw',0,'2023-05-21 00:48:32',640),
(608,'32454-1',41,'o3xrw',0,'2023-05-21 00:59:13',10155),
(609,'32454-1',41,'o3xrw',0,'2023-05-21 03:48:27',23),
(610,'32454-1',41,'o3xrw',0,'2023-05-21 03:48:51',8),
(611,'32454-1',41,'o3xrw',0,'2023-05-21 03:48:51',0),
(612,'32454-1',41,'o3xrw',0,'2023-05-21 03:48:59',0),
(613,'32454-1',41,'o3xrw',0,'2023-05-21 03:48:59',1),
(614,'32454-1',41,'o3xrw',0,'2023-05-21 03:49:01',0),
(615,'32454-1',41,'o3xrw',0,'2023-05-21 03:49:01',1),
(616,'32454-1',41,'o3xrw',0,'2023-05-21 03:49:02',0),
(617,'32454-1',41,'o3xrw',0,'2023-05-21 03:49:02',1),
(618,'32454-1',41,'o3xrw',0,'2023-05-21 03:49:03',0),
(619,'32454-1',41,'o3xrw',0,'2023-05-21 03:49:03',2),
(620,'32454-1',41,'o3xrw',0,'2023-05-21 03:49:05',0),
(621,'32454-1',41,'o3xrw',0,'2023-05-21 03:49:06',1),
(622,'32454-1',41,'o3xrw',0,'2023-05-21 03:49:07',0),
(623,'32454-1',41,'o3xrw',0,'2023-05-21 03:49:07',113),
(624,'32454-1',41,'o3xrw',0,'2023-05-21 03:49:09',111),
(625,'32454-1',41,'o3xrw',0,'2023-05-21 03:51:00',844),
(626,'32454-1',41,'o3xrw',0,'2023-05-21 04:05:03',0),
(627,'32454-1',41,'o3xrw',0,'2023-05-21 04:05:03',650),
(628,'32454-1',41,'o3xrw',0,'2023-05-21 04:05:05',648),
(629,'32454-1',41,'o3xrw',0,'2023-05-21 04:15:54',84),
(630,'32454-1',41,'o3xrw',0,'2023-05-21 04:15:54',0),
(631,'32454-1',41,'o3xrw',0,'2023-05-21 04:17:14',3),
(632,'32454-1',41,'o3xrw',0,'2023-05-21 04:17:18',1309),
(633,'32454-1',41,'o3xrw',0,'2023-05-21 04:17:21',1306),
(634,'32454-1',41,'o3xrw',0,'2023-05-21 04:39:07',0),
(635,'1111-3',41,'o3xrw',0,'2023-05-21 07:43:23',0),
(636,'21-5464',30,'o3xrw',0,'2023-05-21 22:57:33',91),
(637,'21-5464',30,'o3xrw',0,'2023-05-21 22:58:12',52),
(638,'21-5464',30,'o3xrw',0,'2023-05-21 22:59:04',0),
(639,'21-5464',30,'o3xrw',0,'2023-05-21 22:59:04',18),
(640,'21-5464',30,'o3xrw',2,'2023-05-21 22:59:23',3),
(641,'21-5464',30,'o3xrw',3,'2023-05-21 22:59:26',5),
(642,'21-5464',30,'o3xrw',2,'2023-05-21 22:59:31',2),
(643,'21-5464',30,'o3xrw',1,'2023-05-21 22:59:34',469),
(644,'21-5464',30,'o3xrw',1,'2023-05-21 23:07:23',0),
(645,'21-5464',30,'o3xrw',1,'2023-05-21 23:07:23',0),
(646,'855-656',41,'o3xrw',2,'2023-05-22 07:17:43',924),
(647,'855-656',41,'o3xrw',2,'2023-05-22 07:33:07',6799),
(648,'855-656',41,'o3xrw',2,'2023-05-22 09:26:28',6),
(649,'855-656',41,'o3xrw',2,'2023-05-22 09:26:35',123),
(650,'855-656',41,'o3xrw',2,'2023-05-22 09:28:38',9),
(651,'855-656',41,'o3xrw',2,'2023-05-22 09:28:47',108),
(652,'855-656',41,'o3xrw',2,'2023-05-22 09:30:35',54),
(653,'855-656',41,'o3xrw',2,'2023-05-22 09:31:30',8),
(654,'855-656',41,'o3xrw',2,'2023-05-22 09:31:39',50),
(655,'855-656',41,'o3xrw',2,'2023-05-22 09:32:29',56),
(656,'855-656',41,'o3xrw',2,'2023-05-22 09:33:25',182),
(657,'855-656',41,'o3xrw',2,'2023-05-22 09:36:28',9),
(658,'855-656',41,'o3xrw',2,'2023-05-22 09:36:38',48),
(659,'855-656',41,'o3xrw',2,'2023-05-22 09:37:27',14),
(660,'855-656',41,'o3xrw',2,'2023-05-22 09:37:41',94),
(661,'855-656',41,'o3xrw',2,'2023-05-22 09:39:15',429),
(662,'855-656',41,'o3xrw',2,'2023-05-22 09:46:25',37),
(663,'855-656',41,'o3xrw',2,'2023-05-22 09:47:03',22),
(664,'855-656',41,'o3xrw',1,'2023-05-22 09:47:26',58),
(665,'855-656',41,'o3xrw',1,'2023-05-22 09:48:24',133),
(666,'855-656',41,'o3xrw',1,'2023-05-22 09:50:38',102),
(667,'855-656',41,'o3xrw',1,'2023-05-22 09:52:20',71),
(668,'855-656',41,'o3xrw',1,'2023-05-22 09:53:32',0),
(669,'855-656',41,'o3xrw',1,'2023-05-22 09:54:01',0),
(670,'855-656',41,'o3xrw',1,'2023-05-22 09:54:53',36),
(671,'855-656',41,'o3xrw',1,'2023-05-22 09:55:30',12),
(672,'855-656',41,'o3xrw',1,'2023-05-22 09:55:42',25),
(673,'855-656',41,'o3xrw',1,'2023-05-22 09:56:08',5),
(674,'855-656',41,'o3xrw',1,'2023-05-22 09:56:14',86),
(675,'855-656',41,'o3xrw',1,'2023-05-22 09:57:40',75),
(676,'855-656',41,'o3xrw',1,'2023-05-22 09:58:55',0),
(677,'855-656',41,'o3xrw',1,'2023-05-22 10:02:39',4),
(678,'855-656',41,'o3xrw',2,'2023-05-22 10:02:43',63),
(679,'855-656',41,'o3xrw',2,'2023-05-22 10:03:47',10),
(680,'855-656',41,'o3xrw',2,'2023-05-22 10:03:58',140),
(681,'855-656',41,'o3xrw',2,'2023-05-22 10:06:18',9),
(682,'855-656',41,'o3xrw',2,'2023-05-22 10:06:27',46),
(683,'855-656',41,'o3xrw',2,'2023-05-22 10:07:14',10),
(684,'855-656',41,'o3xrw',2,'2023-05-22 10:07:25',48563),
(685,'855-65',41,'o3xrw',0,'2023-05-23 05:35:17',17),
(686,'855-65',41,'o3xrw',0,'2023-05-23 05:35:35',5),
(687,'855-65',41,'o3xrw',0,'2023-05-23 05:35:41',97),
(688,'855-65',41,'o3xrw',0,'2023-05-23 05:37:19',6),
(689,'855-65',41,'o3xrw',0,'2023-05-23 05:37:26',4),
(690,'855-65',41,'o3xrw',0,'2023-05-23 05:37:30',81088),
(691,'855-65',41,'o3xrw',0,'2023-05-24 04:08:58',0),
(692,'855-656',30,'o3xrw',0,'2023-05-24 23:38:28',0),
(693,'855-656',30,'o3xrw',0,'2023-05-25 00:35:47',87),
(694,'855-656',30,'o3xrw',0,'2023-05-25 00:37:14',2),
(695,'855-656',30,'o3xrw',0,'2023-05-25 00:37:15',0),
(696,'855-656',30,'o3xrw',0,'2023-05-25 00:37:16',0),
(697,'855-656',30,'o3xrw',0,'2023-05-25 00:37:16',0),
(698,'855-656',30,'o3xrw',0,'2023-05-25 00:37:16',0),
(699,'855-656',30,'o3xrw',0,'2023-05-25 00:37:17',1),
(700,'855-656',30,'o3xrw',0,'2023-05-25 00:37:18',928),
(701,'855-656',41,'o3xrw',0,'2023-05-25 00:37:42',29),
(702,'855-656',41,'o3xrw',0,'2023-05-25 00:38:11',162),
(703,'855-656',41,'o3xrw',0,'2023-05-25 00:40:54',41),
(704,'855-656',41,'o3xrw',0,'2023-05-25 00:41:34',3),
(705,'855-656',41,'o3xrw',0,'2023-05-25 00:41:37',32),
(706,'855-656',41,'o3xrw',0,'2023-05-25 00:42:10',643),
(707,'855-656',30,'o3xrw',0,'2023-05-25 00:52:47',1),
(708,'855-656',30,'o3xrw',0,'2023-05-25 00:52:48',9),
(709,'855-656',41,'o3xrw',0,'2023-05-25 00:52:53',0),
(710,'855-656',41,'o3xrw',0,'2023-05-25 00:52:53',0),
(711,'855-656',41,'o3xrw',0,'2023-05-25 00:52:54',0),
(712,'855-656',41,'o3xrw',0,'2023-05-25 00:52:54',0),
(713,'855-656',41,'o3xrw',0,'2023-05-25 00:52:54',0),
(714,'855-656',41,'o3xrw',0,'2023-05-25 00:52:55',0),
(715,'855-656',41,'o3xrw',0,'2023-05-25 00:52:55',0),
(716,'855-656',41,'o3xrw',0,'2023-05-25 00:52:55',0),
(717,'855-656',41,'o3xrw',0,'2023-05-25 00:52:56',0),
(718,'855-656',41,'o3xrw',0,'2023-05-25 00:52:56',5),
(719,'855-656',30,'o3xrw',0,'2023-05-25 00:52:57',0),
(720,'855-656',30,'o3xrw',0,'2023-05-25 00:52:57',0),
(721,'855-656',30,'o3xrw',0,'2023-05-25 00:52:57',2),
(722,'855-656',30,'o3xrw',0,'2023-05-25 00:52:59',0),
(723,'855-656',30,'o3xrw',0,'2023-05-25 00:52:59',0),
(724,'855-656',30,'o3xrw',0,'2023-05-25 00:52:59',0),
(725,'855-656',30,'o3xrw',0,'2023-05-25 00:53:00',0),
(726,'855-656',30,'o3xrw',0,'2023-05-25 00:53:00',0),
(727,'855-656',30,'o3xrw',0,'2023-05-25 00:53:00',2),
(728,'855-656',41,'o3xrw',0,'2023-05-25 00:53:01',0),
(729,'855-656',41,'o3xrw',0,'2023-05-25 00:53:01',0),
(730,'855-656',41,'o3xrw',0,'2023-05-25 00:53:01',363),
(731,'855-656',30,'o3xrw',0,'2023-05-25 00:53:02',0),
(732,'855-656',30,'o3xrw',0,'2023-05-25 00:53:02',0),
(733,'855-656',30,'o3xrw',0,'2023-05-25 00:53:02',10),
(734,'855-656',30,'o3xrw',0,'2023-05-25 00:53:13',1),
(735,'855-656',30,'o3xrw',0,'2023-05-25 00:53:13',0),
(736,'855-656',30,'o3xrw',0,'2023-05-25 00:53:13',0),
(737,'855-656',30,'o3xrw',0,'2023-05-25 00:53:14',0),
(738,'855-656',30,'o3xrw',0,'2023-05-25 00:53:14',0),
(739,'855-656',30,'o3xrw',0,'2023-05-25 00:53:14',0),
(740,'855-656',30,'o3xrw',0,'2023-05-25 00:53:14',133),
(741,'855-656',30,'o3xrw',0,'2023-05-25 00:55:28',1),
(742,'855-656',30,'o3xrw',0,'2023-05-25 00:55:28',0),
(743,'855-656',30,'o3xrw',0,'2023-05-25 00:55:29',0),
(744,'855-656',30,'o3xrw',0,'2023-05-25 00:55:29',0),
(745,'855-656',30,'o3xrw',0,'2023-05-25 00:55:29',0),
(746,'855-656',30,'o3xrw',0,'2023-05-25 00:55:29',16),
(747,'855-656',30,'o3xrw',0,'2023-05-25 00:55:45',0),
(748,'855-656',30,'o3xrw',0,'2023-05-25 00:55:46',0),
(749,'855-656',30,'o3xrw',0,'2023-05-25 00:55:46',0),
(750,'855-656',30,'o3xrw',0,'2023-05-25 00:55:47',398),
(751,'855-656',41,'o3xrw',0,'2023-05-25 00:59:05',165),
(752,'855-656',41,'o3xrw',0,'2023-05-25 01:01:49',5),
(753,'855-656',41,'o3xrw',0,'2023-05-25 01:01:55',6),
(754,'855-656',41,'o3xrw',0,'2023-05-25 01:02:01',17),
(755,'855-656',41,'o3xrw',0,'2023-05-25 01:02:18',181),
(756,'855-656',30,'o3xrw',0,'2023-05-25 01:02:25',9437),
(757,'855-656',41,'o3xrw',0,'2023-05-25 01:05:20',2),
(758,'855-656',41,'o3xrw',0,'2023-05-25 01:05:22',0),
(759,'855-656',41,'o3xrw',0,'2023-05-25 01:05:23',0),
(760,'855-656',41,'o3xrw',0,'2023-05-25 01:05:23',0),
(761,'855-656',41,'o3xrw',0,'2023-05-25 01:05:23',0),
(762,'855-656',41,'o3xrw',0,'2023-05-25 01:05:24',2),
(763,'855-656',41,'o3xrw',0,'2023-05-25 01:05:26',35),
(764,'855-656',41,'o3xrw',0,'2023-05-25 01:06:01',110),
(765,'855-656',41,'o3xrw',0,'2023-05-25 01:07:52',1),
(766,'855-656',41,'o3xrw',0,'2023-05-25 01:07:53',0),
(767,'855-656',41,'o3xrw',0,'2023-05-25 01:07:53',22),
(768,'855-656',41,'o3xrw',0,'2023-05-25 01:08:15',10),
(769,'855-656',41,'o3xrw',0,'2023-05-25 01:08:25',9238),
(770,'855-656',30,'o3xrw',0,'2023-05-25 03:39:42',346),
(771,'855-656',41,'o3xrw',0,'2023-05-25 03:42:23',1),
(772,'855-656',41,'o3xrw',0,'2023-05-25 03:42:24',0),
(773,'855-656',41,'o3xrw',0,'2023-05-25 03:42:24',0),
(774,'855-656',41,'o3xrw',0,'2023-05-25 03:42:24',0),
(775,'855-656',41,'o3xrw',0,'2023-05-25 03:42:24',0),
(776,'855-656',41,'o3xrw',0,'2023-05-25 03:42:25',0),
(777,'855-656',41,'o3xrw',0,'2023-05-25 03:42:25',0),
(778,'855-656',41,'o3xrw',0,'2023-05-25 03:42:25',0),
(779,'855-656',41,'o3xrw',0,'2023-05-25 03:42:25',0),
(780,'855-656',41,'o3xrw',0,'2023-05-25 03:42:25',5),
(781,'855-656',41,'o3xrw',0,'2023-05-25 03:42:30',17),
(782,'855-656',41,'o3xrw',0,'2023-05-25 03:42:48',62),
(783,'855-656',41,'o3xrw',0,'2023-05-25 03:43:50',3),
(784,'855-656',41,'o3xrw',0,'2023-05-25 03:43:54',30),
(785,'855-656',41,'o3xrw',0,'2023-05-25 03:44:24',55),
(786,'855-656',41,'o3xrw',0,'2023-05-25 03:45:19',23),
(787,'855-656',30,'o3xrw',0,'2023-05-25 03:45:28',3),
(788,'855-656',30,'o3xrw',0,'2023-05-25 03:45:31',0),
(789,'855-656',30,'o3xrw',0,'2023-05-25 03:45:32',0),
(790,'855-656',30,'o3xrw',0,'2023-05-25 03:45:32',0),
(791,'855-656',30,'o3xrw',0,'2023-05-25 03:45:32',0),
(792,'855-656',30,'o3xrw',0,'2023-05-25 03:45:32',0),
(793,'855-656',30,'o3xrw',0,'2023-05-25 03:45:33',5),
(794,'855-656',30,'o3xrw',0,'2023-05-25 03:45:38',102),
(795,'855-656',41,'o3xrw',0,'2023-05-25 03:45:42',0),
(796,'855-656',41,'o3xrw',0,'2023-05-25 03:45:42',0),
(797,'855-656',41,'o3xrw',0,'2023-05-25 03:45:43',11),
(798,'855-656',41,'o3xrw',0,'2023-05-25 03:45:54',9),
(799,'855-656',41,'o3xrw',0,'2023-05-25 03:46:03',1),
(800,'855-656',41,'o3xrw',0,'2023-05-25 03:46:04',0),
(801,'855-656',41,'o3xrw',0,'2023-05-25 03:46:04',0),
(802,'855-656',41,'o3xrw',0,'2023-05-25 03:46:04',0),
(803,'855-656',41,'o3xrw',0,'2023-05-25 03:46:04',7),
(804,'855-656',41,'o3xrw',0,'2023-05-25 03:46:12',42),
(805,'855-656',41,'o3xrw',0,'2023-05-25 03:46:54',16),
(806,'855-656',41,'o3xrw',0,'2023-05-25 03:47:10',41),
(807,'855-656',30,'o3xrw',0,'2023-05-25 03:47:20',5),
(808,'855-656',30,'o3xrw',0,'2023-05-25 03:47:25',1),
(809,'855-656',30,'o3xrw',0,'2023-05-25 03:47:26',0),
(810,'855-656',30,'o3xrw',0,'2023-05-25 03:47:26',0),
(811,'855-656',30,'o3xrw',0,'2023-05-25 03:47:26',0),
(812,'855-656',30,'o3xrw',0,'2023-05-25 03:47:26',0),
(813,'855-656',30,'o3xrw',0,'2023-05-25 03:47:27',0),
(814,'855-656',30,'o3xrw',0,'2023-05-25 03:47:27',0),
(815,'855-656',30,'o3xrw',0,'2023-05-25 03:47:27',14),
(816,'855-656',30,'o3xrw',0,'2023-05-25 03:47:41',0),
(817,'855-656',30,'o3xrw',0,'2023-05-25 03:47:41',0),
(818,'855-656',30,'o3xrw',0,'2023-05-25 03:47:42',0),
(819,'855-656',30,'o3xrw',0,'2023-05-25 03:47:42',7),
(820,'855-656',30,'o3xrw',0,'2023-05-25 03:47:49',94),
(821,'855-656',41,'o3xrw',0,'2023-05-25 03:47:51',2),
(822,'855-656',41,'o3xrw',0,'2023-05-25 03:47:52',5),
(823,'855-656',41,'o3xrw',0,'2023-05-25 03:47:57',14),
(824,'855-656',41,'o3xrw',0,'2023-05-25 03:48:11',16),
(825,'855-656',41,'o3xrw',0,'2023-05-25 03:48:28',0),
(826,'855-656',41,'o3xrw',0,'2023-05-25 03:48:28',0),
(827,'855-656',41,'o3xrw',0,'2023-05-25 03:48:28',0),
(828,'855-656',41,'o3xrw',0,'2023-05-25 03:48:29',14),
(829,'855-656',41,'o3xrw',0,'2023-05-25 03:48:42',0),
(830,'855-656',41,'o3xrw',0,'2023-05-25 03:48:43',1),
(831,'855-656',41,'o3xrw',0,'2023-05-25 03:48:44',12),
(832,'855-656',41,'o3xrw',0,'2023-05-25 03:48:57',20),
(833,'855-656',41,'o3xrw',0,'2023-05-25 03:49:17',294),
(834,'855-656',30,'o3xrw',0,'2023-05-25 03:49:23',46),
(835,'855-656',30,'o3xrw',0,'2023-05-25 03:50:09',11),
(836,'855-656',30,'o3xrw',0,'2023-05-25 03:50:20',13),
(837,'855-656',30,'o3xrw',0,'2023-05-25 03:50:32',392),
(838,'855-656',41,'o3xrw',0,'2023-05-25 03:54:11',1),
(839,'855-656',41,'o3xrw',0,'2023-05-25 03:54:12',0),
(840,'855-656',41,'o3xrw',0,'2023-05-25 03:54:13',0),
(841,'855-656',41,'o3xrw',0,'2023-05-25 03:54:13',0),
(842,'855-656',41,'o3xrw',0,'2023-05-25 03:54:13',0),
(843,'855-656',41,'o3xrw',0,'2023-05-25 03:54:13',0),
(844,'855-656',41,'o3xrw',0,'2023-05-25 03:54:14',1),
(845,'855-656',41,'o3xrw',0,'2023-05-25 03:54:14',0),
(846,'855-656',41,'o3xrw',0,'2023-05-25 03:54:15',0),
(847,'855-656',41,'o3xrw',0,'2023-05-25 03:54:15',0),
(848,'855-656',41,'o3xrw',0,'2023-05-25 03:54:15',34),
(849,'855-656',41,'o3xrw',0,'2023-05-25 03:54:30',19),
(850,'855-656',41,'o3xrw',0,'2023-05-25 03:54:49',10),
(851,'855-656',41,'o3xrw',6,'2023-05-25 03:55:00',4),
(852,'855-656',41,'o3xrw',5,'2023-05-25 03:55:03',1),
(853,'855-656',41,'o3xrw',4,'2023-05-25 03:55:04',1),
(854,'855-656',41,'o3xrw',3,'2023-05-25 03:55:05',1),
(855,'855-656',41,'o3xrw',2,'2023-05-25 03:55:06',1),
(856,'855-656',41,'o3xrw',1,'2023-05-25 03:55:07',2),
(857,'855-656',41,'o3xrw',2,'2023-05-25 03:55:09',1),
(858,'855-656',41,'o3xrw',3,'2023-05-25 03:55:10',1),
(859,'855-656',41,'o3xrw',4,'2023-05-25 03:55:11',1),
(860,'855-656',41,'o3xrw',5,'2023-05-25 03:55:12',1),
(861,'855-656',41,'o3xrw',4,'2023-05-25 03:55:13',1),
(862,'855-656',41,'o3xrw',3,'2023-05-25 03:55:13',1),
(863,'855-656',41,'o3xrw',2,'2023-05-25 03:55:14',4),
(864,'855-656',41,'o3xrw',1,'2023-05-25 03:55:18',13),
(865,'855-656',41,'o3xrw',1,'2023-05-25 03:55:32',116),
(866,'855-656',30,'o3xrw',0,'2023-05-25 03:57:04',1),
(867,'855-656',30,'o3xrw',0,'2023-05-25 03:57:05',1),
(868,'855-656',30,'o3xrw',0,'2023-05-25 03:57:06',0),
(869,'855-656',30,'o3xrw',0,'2023-05-25 03:57:06',0),
(870,'855-656',30,'o3xrw',0,'2023-05-25 03:57:06',0),
(871,'855-656',30,'o3xrw',0,'2023-05-25 03:57:07',0),
(872,'855-656',30,'o3xrw',0,'2023-05-25 03:57:07',2),
(873,'855-656',30,'o3xrw',0,'2023-05-25 03:57:09',0),
(874,'855-656',30,'o3xrw',0,'2023-05-25 03:57:09',0),
(875,'855-656',30,'o3xrw',0,'2023-05-25 03:57:09',0),
(876,'855-656',30,'o3xrw',0,'2023-05-25 03:57:09',0),
(877,'855-656',30,'o3xrw',0,'2023-05-25 03:57:10',0),
(878,'855-656',30,'o3xrw',0,'2023-05-25 03:57:10',125),
(879,'855-656',41,'o3xrw',1,'2023-05-25 03:57:28',1),
(880,'855-656',41,'o3xrw',1,'2023-05-25 03:57:29',0),
(881,'855-656',41,'o3xrw',1,'2023-05-25 03:57:30',98),
(882,'855-656',41,'o3xrw',1,'2023-05-25 03:59:08',1),
(883,'855-656',41,'o3xrw',1,'2023-05-25 03:59:09',0),
(884,'855-656',41,'o3xrw',1,'2023-05-25 03:59:10',0),
(885,'855-656',41,'o3xrw',1,'2023-05-25 03:59:10',0),
(886,'855-656',41,'o3xrw',1,'2023-05-25 03:59:10',0),
(887,'855-656',41,'o3xrw',1,'2023-05-25 03:59:11',0),
(888,'855-656',41,'o3xrw',1,'2023-05-25 03:59:11',1),
(889,'855-656',41,'o3xrw',1,'2023-05-25 03:59:11',0),
(890,'855-656',41,'o3xrw',1,'2023-05-25 03:59:12',2),
(891,'855-656',41,'o3xrw',1,'2023-05-25 03:59:14',0),
(892,'855-656',41,'o3xrw',1,'2023-05-25 03:59:14',0),
(893,'855-656',41,'o3xrw',1,'2023-05-25 03:59:14',0),
(894,'855-656',41,'o3xrw',1,'2023-05-25 03:59:15',293),
(895,'855-656',30,'o3xrw',0,'2023-05-25 03:59:15',1),
(896,'855-656',30,'o3xrw',0,'2023-05-25 03:59:16',0),
(897,'855-656',30,'o3xrw',0,'2023-05-25 03:59:16',0),
(898,'855-656',30,'o3xrw',0,'2023-05-25 03:59:16',0),
(899,'855-656',30,'o3xrw',0,'2023-05-25 03:59:17',0),
(900,'855-656',30,'o3xrw',0,'2023-05-25 03:59:17',36),
(901,'855-656',30,'o3xrw',0,'2023-05-25 03:59:53',1),
(902,'855-656',30,'o3xrw',0,'2023-05-25 03:59:54',0),
(903,'855-656',30,'o3xrw',0,'2023-05-25 03:59:54',0),
(904,'855-656',30,'o3xrw',0,'2023-05-25 03:59:54',0),
(905,'855-656',30,'o3xrw',0,'2023-05-25 03:59:55',0),
(906,'855-656',30,'o3xrw',0,'2023-05-25 03:59:55',0),
(907,'855-656',30,'o3xrw',0,'2023-05-25 03:59:55',0),
(908,'855-656',30,'o3xrw',0,'2023-05-25 03:59:55',0),
(909,'855-656',30,'o3xrw',0,'2023-05-25 03:59:56',0),
(910,'855-656',30,'o3xrw',0,'2023-05-25 03:59:56',30),
(911,'855-656',30,'o3xrw',0,'2023-05-25 04:00:26',38),
(912,'855-656',30,'o3xrw',0,'2023-05-25 04:01:04',42),
(913,'855-656',30,'o3xrw',0,'2023-05-25 04:01:46',1),
(914,'855-656',30,'o3xrw',0,'2023-05-25 04:01:47',15),
(915,'855-656',30,'o3xrw',0,'2023-05-25 04:02:03',22),
(916,'855-656',30,'o3xrw',0,'2023-05-25 04:02:24',0),
(917,'855-656',30,'o3xrw',0,'2023-05-25 04:02:25',0),
(918,'855-656',30,'o3xrw',0,'2023-05-25 04:02:25',0),
(919,'855-656',30,'o3xrw',0,'2023-05-25 04:02:26',0),
(920,'855-656',30,'o3xrw',0,'2023-05-25 04:02:26',104),
(921,'855-656',41,'o3xrw',1,'2023-05-25 04:04:08',104),
(922,'855-656',30,'o3xrw',0,'2023-05-25 04:04:10',35),
(923,'855-656',30,'o3xrw',0,'2023-05-25 04:04:45',0),
(924,'855-656',30,'o3xrw',0,'2023-05-25 04:04:46',0),
(925,'855-656',30,'o3xrw',0,'2023-05-25 04:04:46',0),
(926,'855-656',30,'o3xrw',0,'2023-05-25 04:04:46',0),
(927,'855-656',30,'o3xrw',0,'2023-05-25 04:04:47',26),
(928,'855-656',30,'o3xrw',0,'2023-05-25 04:05:13',6),
(929,'855-656',30,'o3xrw',0,'2023-05-25 04:05:19',8),
(930,'855-656',30,'o3xrw',0,'2023-05-25 04:05:27',319),
(931,'855-656',41,'o3xrw',1,'2023-05-25 04:05:52',2),
(932,'855-656',41,'o3xrw',1,'2023-05-25 04:05:54',0),
(933,'855-656',41,'o3xrw',1,'2023-05-25 04:05:54',0),
(934,'855-656',41,'o3xrw',1,'2023-05-25 04:05:55',1),
(935,'855-656',41,'o3xrw',1,'2023-05-25 04:05:56',0),
(936,'855-656',41,'o3xrw',1,'2023-05-25 04:05:56',0),
(937,'855-656',41,'o3xrw',1,'2023-05-25 04:05:56',0),
(938,'855-656',41,'o3xrw',1,'2023-05-25 04:05:56',0),
(939,'855-656',41,'o3xrw',1,'2023-05-25 04:05:57',13),
(940,'855-656',41,'o3xrw',1,'2023-05-25 04:06:09',1),
(941,'855-656',41,'o3xrw',1,'2023-05-25 04:06:10',13),
(942,'855-656',41,'o3xrw',1,'2023-05-25 04:06:23',241),
(943,'855-656',41,'o3xrw',1,'2023-05-25 04:10:24',28),
(944,'855-656',30,'o3xrw',0,'2023-05-25 04:10:46',10),
(945,'855-656',41,'o3xrw',1,'2023-05-25 04:10:52',2),
(946,'855-656',41,'o3xrw',1,'2023-05-25 04:10:54',0),
(947,'855-656',41,'o3xrw',1,'2023-05-25 04:10:55',0),
(948,'855-656',41,'o3xrw',1,'2023-05-25 04:10:55',49),
(949,'855-656',30,'o3xrw',0,'2023-05-25 04:10:56',0),
(950,'855-656',30,'o3xrw',0,'2023-05-25 04:10:56',0),
(951,'855-656',30,'o3xrw',0,'2023-05-25 04:10:57',0),
(952,'855-656',30,'o3xrw',0,'2023-05-25 04:10:57',0),
(953,'855-656',30,'o3xrw',0,'2023-05-25 04:10:57',0),
(954,'855-656',41,'o3xrw',1,'2023-05-25 04:11:44',25),
(955,'855-656',41,'o3xrw',1,'2023-05-25 04:12:09',5),
(956,'855-656',41,'o3xrw',1,'2023-05-25 04:12:15',0),
(957,'855-656',41,'o3xrw',1,'2023-05-25 04:12:15',23),
(958,'855-656',41,'o3xrw',1,'2023-05-25 04:12:38',77),
(959,'855-656',41,'o3xrw',1,'2023-05-25 04:13:55',97),
(960,'855-656',41,'o3xrw',1,'2023-05-25 04:15:32',8),
(961,'855-656',41,'o3xrw',1,'2023-05-25 04:15:40',28),
(962,'855-656',41,'o3xrw',1,'2023-05-25 04:16:08',1),
(963,'855-656',41,'o3xrw',1,'2023-05-25 04:16:09',1),
(964,'855-656',41,'o3xrw',1,'2023-05-25 04:16:10',0),
(965,'855-656',30,'o3xrw',0,'2023-05-25 04:16:34',66),
(966,'855-656',41,'o3xrw',0,'2023-05-25 04:16:42',30),
(967,'855-656',41,'o3xrw',0,'2023-05-25 04:17:12',13),
(968,'855-656',41,'o3xrw',0,'2023-05-25 04:17:26',4),
(969,'855-656',41,'o3xrw',0,'2023-05-25 04:17:30',15),
(970,'855-656',30,'o3xrw',0,'2023-05-25 04:17:40',0),
(971,'855-656',30,'o3xrw',0,'2023-05-25 04:17:40',0),
(972,'855-656',30,'o3xrw',0,'2023-05-25 04:17:41',0),
(973,'855-656',30,'o3xrw',0,'2023-05-25 04:17:41',0),
(974,'855-656',30,'o3xrw',0,'2023-05-25 04:17:41',124),
(975,'855-656',41,'o3xrw',0,'2023-05-25 04:17:46',71),
(976,'855-656',41,'o3xrw',0,'2023-05-25 04:18:57',23),
(977,'855-656',41,'o3xrw',0,'2023-05-25 04:19:19',76),
(978,'855-656',30,'o3xrw',0,'2023-05-25 04:19:45',19),
(979,'855-656',30,'o3xrw',0,'2023-05-25 04:20:04',16),
(980,'855-656',30,'o3xrw',0,'2023-05-25 04:20:20',7),
(981,'855-656',30,'o3xrw',0,'2023-05-25 04:20:27',5),
(982,'855-656',30,'o3xrw',0,'2023-05-25 04:20:32',169),
(983,'855-656',41,'o3xrw',0,'2023-05-25 04:20:35',158),
(984,'855-656',41,'o3xrw',0,'2023-05-25 04:23:13',80),
(985,'855-656',30,'o3xrw',0,'2023-05-25 04:23:21',91),
(986,'855-656',41,'o3xrw',0,'2023-05-25 04:24:34',17),
(987,'855-656',41,'o3xrw',0,'2023-05-25 04:24:51',4),
(988,'855-656',30,'o3xrw',0,'2023-05-25 04:24:53',191),
(989,'855-656',41,'o3xrw',0,'2023-05-25 04:24:55',269),
(990,'855-656',30,'o3xrw',0,'2023-05-25 04:28:04',1),
(991,'855-656',30,'o3xrw',0,'2023-05-25 04:28:04',0),
(992,'855-656',30,'o3xrw',0,'2023-05-25 04:28:05',0),
(993,'855-656',30,'o3xrw',0,'2023-05-25 04:28:05',0),
(994,'855-656',30,'o3xrw',0,'2023-05-25 04:28:05',0),
(995,'855-656',30,'o3xrw',0,'2023-05-25 04:28:06',0),
(996,'855-656',30,'o3xrw',0,'2023-05-25 04:28:06',0),
(997,'855-656',30,'o3xrw',0,'2023-05-25 04:28:06',0),
(998,'855-656',30,'o3xrw',0,'2023-05-25 04:28:06',0),
(999,'855-656',30,'o3xrw',0,'2023-05-25 04:28:07',0),
(1000,'855-656',30,'o3xrw',0,'2023-05-25 04:28:07',1256),
(1001,'855-656',41,'o3xrw',0,'2023-05-25 04:28:41',43),
(1002,'855-656',41,'o3xrw',0,'2023-05-25 04:29:24',7),
(1003,'855-656',41,'o3xrw',0,'2023-05-25 04:29:31',5),
(1004,'855-656',41,'o3xrw',0,'2023-05-25 04:29:35',195),
(1005,'855-656',41,'o3xrw',0,'2023-05-25 04:32:50',92),
(1006,'855-656',41,'o3xrw',0,'2023-05-25 04:34:00',22),
(1007,'855-656',41,'o3xrw',0,'2023-05-25 04:34:22',263),
(1008,'855-656',41,'o3xrw',0,'2023-05-25 04:38:46',0),
(1009,'855-656',41,'o3xrw',0,'2023-05-25 04:38:46',0),
(1010,'855-656',41,'o3xrw',0,'2023-05-25 04:38:46',0),
(1011,'855-656',41,'o3xrw',0,'2023-05-25 04:38:47',1),
(1012,'855-656',41,'o3xrw',0,'2023-05-25 04:38:47',0),
(1013,'855-656',41,'o3xrw',0,'2023-05-25 04:38:48',0),
(1014,'855-656',41,'o3xrw',0,'2023-05-25 04:38:48',0),
(1015,'855-656',41,'o3xrw',0,'2023-05-25 04:38:48',0),
(1016,'855-656',41,'o3xrw',0,'2023-05-25 04:38:48',143),
(1017,'855-656',41,'o3xrw',0,'2023-05-25 04:41:12',53),
(1018,'855-656',41,'o3xrw',0,'2023-05-25 04:42:06',304),
(1019,'855-656',41,'o3xrw',0,'2023-05-25 04:47:10',668),
(1020,'855-656',30,'o3xrw',0,'2023-05-25 04:49:03',1),
(1021,'855-656',30,'o3xrw',0,'2023-05-25 04:49:04',0),
(1022,'855-656',30,'o3xrw',0,'2023-05-25 04:49:04',0),
(1023,'855-656',30,'o3xrw',0,'2023-05-25 04:49:04',0),
(1024,'855-656',30,'o3xrw',0,'2023-05-25 04:49:04',0),
(1025,'855-656',30,'o3xrw',0,'2023-05-25 04:49:05',1681),
(1026,'855-656',41,'o3xrw',0,'2023-05-25 04:58:18',1),
(1027,'855-656',41,'o3xrw',0,'2023-05-25 04:58:19',0),
(1028,'855-656',41,'o3xrw',0,'2023-05-25 04:58:19',0),
(1029,'855-656',41,'o3xrw',0,'2023-05-25 04:58:19',0),
(1030,'855-656',41,'o3xrw',0,'2023-05-25 04:58:20',0),
(1031,'855-656',41,'o3xrw',0,'2023-05-25 04:58:20',220),
(1032,'855-656',41,'o3xrw',0,'2023-05-25 05:02:00',3),
(1033,'855-656',41,'o3xrw',0,'2023-05-25 05:02:03',0),
(1034,'855-656',41,'o3xrw',0,'2023-05-25 05:02:03',62),
(1035,'855-656',41,'o3xrw',0,'2023-05-25 05:03:06',0),
(1036,'855-656',41,'o3xrw',0,'2023-05-25 05:03:06',0),
(1037,'855-656',41,'o3xrw',0,'2023-05-25 05:03:06',0),
(1038,'855-656',41,'o3xrw',0,'2023-05-25 05:03:07',0),
(1039,'855-656',41,'o3xrw',0,'2023-05-25 05:03:07',3),
(1040,'855-656',41,'o3xrw',0,'2023-05-25 05:03:10',39),
(1041,'855-656',41,'o3xrw',0,'2023-05-25 05:03:49',26),
(1042,'855-656',41,'o3xrw',0,'2023-05-25 05:04:15',28),
(1043,'855-656',41,'o3xrw',0,'2023-05-25 05:04:43',250),
(1044,'855-656',41,'o3xrw',0,'2023-05-25 05:08:54',2),
(1045,'855-656',41,'o3xrw',0,'2023-05-25 05:08:55',28),
(1046,'855-656',41,'o3xrw',0,'2023-05-25 05:09:24',384),
(1047,'855-656',41,'o3xrw',0,'2023-05-25 05:15:48',1),
(1048,'855-656',41,'o3xrw',0,'2023-05-25 05:15:49',36),
(1049,'855-656',41,'o3xrw',0,'2023-05-25 05:16:26',1),
(1050,'855-656',41,'o3xrw',0,'2023-05-25 05:16:27',0),
(1051,'855-656',41,'o3xrw',0,'2023-05-25 05:16:27',12),
(1052,'855-656',41,'o3xrw',6,'2023-05-25 05:16:39',2),
(1053,'855-656',41,'o3xrw',5,'2023-05-25 05:16:41',1),
(1054,'855-656',41,'o3xrw',6,'2023-05-25 05:16:42',1),
(1055,'855-656',41,'o3xrw',5,'2023-05-25 05:16:43',0),
(1056,'855-656',41,'o3xrw',4,'2023-05-25 05:16:43',0),
(1057,'855-656',41,'o3xrw',3,'2023-05-25 05:16:43',0),
(1058,'855-656',41,'o3xrw',2,'2023-05-25 05:16:43',1),
(1059,'855-656',41,'o3xrw',3,'2023-05-25 05:16:45',0),
(1060,'855-656',41,'o3xrw',4,'2023-05-25 05:16:45',0),
(1061,'855-656',41,'o3xrw',5,'2023-05-25 05:16:46',1),
(1062,'855-656',41,'o3xrw',4,'2023-05-25 05:16:46',0),
(1063,'855-656',41,'o3xrw',3,'2023-05-25 05:16:47',0),
(1064,'855-656',41,'o3xrw',2,'2023-05-25 05:16:47',0),
(1065,'855-656',41,'o3xrw',1,'2023-05-25 05:16:47',8),
(1066,'855-656',41,'o3xrw',1,'2023-05-25 05:16:55',1),
(1067,'855-656',41,'o3xrw',1,'2023-05-25 05:16:56',0),
(1068,'855-656',41,'o3xrw',1,'2023-05-25 05:16:57',0),
(1069,'855-656',41,'o3xrw',1,'2023-05-25 05:16:57',0),
(1070,'855-656',41,'o3xrw',1,'2023-05-25 05:16:57',3),
(1071,'855-656',41,'o3xrw',1,'2023-05-25 05:17:00',7),
(1072,'855-656',30,'o3xrw',0,'2023-05-25 05:17:06',1),
(1073,'855-656',30,'o3xrw',0,'2023-05-25 05:17:06',10),
(1074,'855-656',41,'o3xrw',1,'2023-05-25 05:17:08',1),
(1075,'855-656',41,'o3xrw',1,'2023-05-25 05:17:09',2),
(1076,'855-656',41,'o3xrw',1,'2023-05-25 05:17:13',14),
(1077,'855-656',30,'o3xrw',0,'2023-05-25 05:17:16',0),
(1078,'855-656',41,'o3xrw',1,'2023-05-25 05:17:19',8),
(1079,'855-656',41,'o3xrw',1,'2023-05-25 05:17:27',0),
(1080,'855-656',41,'o3xrw',1,'2023-05-25 05:17:27',1),
(1081,'855-656',41,'o3xrw',1,'2023-05-25 05:17:29',0),
(1082,'855-656',41,'o3xrw',1,'2023-05-25 05:17:29',4),
(1083,'855-656',41,'o3xrw',1,'2023-05-25 05:17:33',122),
(1084,'855-656',41,'o3xrw',1,'2023-05-25 05:19:35',0),
(1085,'855-656',41,'o3xrw',0,'2023-05-25 05:19:46',69),
(1086,'855-656',41,'o3xrw',0,'2023-05-25 05:20:55',31),
(1087,'855-656',41,'o3xrw',0,'2023-05-25 05:21:26',100),
(1088,'855-656',41,'o3xrw',0,'2023-05-25 05:23:07',1),
(1089,'855-656',41,'o3xrw',0,'2023-05-25 05:23:09',14),
(1090,'855-656',41,'o3xrw',0,'2023-05-25 05:23:23',41),
(1091,'855-656',41,'o3xrw',0,'2023-05-25 05:24:05',72),
(1092,'855-656',41,'o3xrw',0,'2023-05-25 05:25:17',10),
(1093,'855-656',41,'o3xrw',0,'2023-05-25 05:25:27',52),
(1094,'855-656',41,'o3xrw',0,'2023-05-25 05:26:19',50),
(1095,'855-656',41,'o3xrw',0,'2023-05-25 05:27:09',11),
(1096,'855-656',41,'o3xrw',0,'2023-05-25 05:27:20',22),
(1097,'855-656',41,'o3xrw',0,'2023-05-25 05:27:42',12),
(1098,'855-656',41,'o3xrw',0,'2023-05-25 05:27:55',408),
(1099,'855-656',41,'o3xrw',0,'2023-05-25 05:34:43',0),
(1100,'855-656',41,'o3xrw',0,'2023-05-25 05:34:53',182),
(1101,'855-656',41,'o3xrw',0,'2023-05-25 05:35:11',164),
(1102,'855-656',41,'o3xrw',0,'2023-05-25 05:37:55',0),
(1103,'855-656',41,'o3xrw',0,'2023-05-25 05:37:55',2),
(1104,'855-656',41,'o3xrw',0,'2023-05-25 05:37:57',652),
(1105,'855-656',30,'o3xrw',0,'2023-05-25 05:38:09',2624),
(1106,'855-656',41,'o3xrw',0,'2023-05-25 05:48:49',2582),
(1107,'855-656',41,'o3xrw',0,'2023-05-25 05:48:58',8),
(1108,'855-656',41,'o3xrw',2,'2023-05-25 05:49:06',1),
(1109,'855-656',41,'o3xrw',3,'2023-05-25 05:49:07',1),
(1110,'855-656',41,'o3xrw',4,'2023-05-25 05:49:08',1),
(1111,'855-656',41,'o3xrw',5,'2023-05-25 05:49:09',1),
(1112,'855-656',41,'o3xrw',6,'2023-05-25 05:49:11',5),
(1113,'855-656',41,'o3xrw',5,'2023-05-25 05:49:16',1),
(1114,'855-656',41,'o3xrw',4,'2023-05-25 05:49:16',1),
(1115,'855-656',41,'o3xrw',3,'2023-05-25 05:49:17',82),
(1116,'855-656',41,'o3xrw',1,'2023-05-25 05:50:39',4),
(1117,'855-656',41,'o3xrw',6,'2023-05-25 05:50:43',4),
(1118,'855-656',41,'o3xrw',5,'2023-05-25 05:50:47',1),
(1119,'855-656',41,'o3xrw',4,'2023-05-25 05:50:48',1),
(1120,'855-656',41,'o3xrw',3,'2023-05-25 05:50:49',0),
(1121,'855-656',41,'o3xrw',2,'2023-05-25 05:50:49',1),
(1122,'855-656',41,'o3xrw',1,'2023-05-25 05:50:51',2),
(1123,'855-656',41,'o3xrw',2,'2023-05-25 05:50:52',1),
(1124,'855-656',41,'o3xrw',6,'2023-05-25 05:50:53',252),
(1125,'855-656',41,'o3xrw',6,'2023-05-25 05:54:51',14),
(1126,'855-656',41,'o3xrw',6,'2023-05-25 05:55:05',112),
(1127,'855-656',41,'o3xrw',6,'2023-05-25 05:56:58',44),
(1128,'855-656',41,'o3xrw',6,'2023-05-25 05:57:42',176),
(1129,'855-656',41,'o3xrw',6,'2023-05-25 06:00:38',12),
(1130,'855-656',41,'o3xrw',6,'2023-05-25 06:00:50',124),
(1131,'855-656',41,'o3xrw',6,'2023-05-25 06:02:54',31),
(1132,'855-656',41,'o3xrw',6,'2023-05-25 06:03:25',112),
(1133,'855-656',41,'o3xrw',6,'2023-05-25 06:05:17',281),
(1134,'855-656',41,'o3xrw',6,'2023-05-25 06:09:59',16),
(1135,'855-656',41,'o3xrw',6,'2023-05-25 06:10:15',21),
(1136,'855-656',41,'o3xrw',6,'2023-05-25 06:10:36',14),
(1137,'855-656',41,'o3xrw',6,'2023-05-25 06:10:50',19),
(1138,'855-656',41,'o3xrw',6,'2023-05-25 06:11:09',137),
(1139,'855-656',41,'o3xrw',6,'2023-05-25 06:13:26',10),
(1140,'855-656',41,'o3xrw',6,'2023-05-25 06:13:37',20),
(1141,'855-656',41,'o3xrw',6,'2023-05-25 06:13:57',11),
(1142,'855-656',41,'o3xrw',6,'2023-05-25 06:14:08',47),
(1143,'855-656',41,'o3xrw',6,'2023-05-25 06:14:56',7),
(1144,'855-656',41,'o3xrw',6,'2023-05-25 06:15:02',5),
(1145,'855-656',41,'o3xrw',6,'2023-05-25 06:15:07',15),
(1146,'855-656',41,'o3xrw',6,'2023-05-25 06:15:22',40),
(1147,'855-656',41,'o3xrw',6,'2023-05-25 06:16:03',70),
(1148,'855-656',41,'o3xrw',6,'2023-05-25 06:17:14',47),
(1149,'855-656',41,'o3xrw',6,'2023-05-25 06:18:00',1),
(1150,'855-656',41,'o3xrw',6,'2023-05-25 06:18:01',0),
(1151,'855-656',41,'o3xrw',6,'2023-05-25 06:18:02',10),
(1152,'855-656',41,'o3xrw',6,'2023-05-25 06:18:12',0),
(1153,'855-656',41,'o3xrw',6,'2023-05-25 06:18:13',0),
(1154,'855-656',41,'o3xrw',6,'2023-05-25 06:18:13',0),
(1155,'855-656',41,'o3xrw',6,'2023-05-25 06:18:13',0),
(1156,'855-656',41,'o3xrw',6,'2023-05-25 06:18:13',0),
(1157,'855-656',41,'o3xrw',6,'2023-05-25 06:18:13',0),
(1158,'855-656',41,'o3xrw',6,'2023-05-25 06:18:13',0),
(1159,'855-656',41,'o3xrw',6,'2023-05-25 06:18:14',0),
(1160,'855-656',41,'o3xrw',6,'2023-05-25 06:18:14',0),
(1161,'855-656',41,'o3xrw',6,'2023-05-25 06:18:14',6),
(1162,'855-656',41,'o3xrw',6,'2023-05-25 06:18:20',1),
(1163,'855-656',41,'o3xrw',6,'2023-05-25 06:18:21',7),
(1164,'855-656',41,'o3xrw',6,'2023-05-25 06:18:28',5),
(1165,'855-656',41,'o3xrw',6,'2023-05-25 06:18:34',179),
(1166,'855-656',41,'o3xrw',5,'2023-05-25 06:21:34',1),
(1167,'855-656',41,'o3xrw',4,'2023-05-25 06:21:35',1),
(1168,'855-656',41,'o3xrw',3,'2023-05-25 06:21:36',1),
(1169,'855-656',41,'o3xrw',2,'2023-05-25 06:21:37',1),
(1170,'855-656',41,'o3xrw',1,'2023-05-25 06:21:38',2),
(1171,'855-656',41,'o3xrw',2,'2023-05-25 06:21:40',1),
(1172,'855-656',41,'o3xrw',3,'2023-05-25 06:21:41',1),
(1173,'855-656',41,'o3xrw',2,'2023-05-25 06:21:42',1),
(1174,'855-656',41,'o3xrw',1,'2023-05-25 06:21:43',0),
(1175,'855-656',30,'o3xrw',0,'2023-05-25 06:21:53',4),
(1176,'855-656',30,'o3xrw',2,'2023-05-25 06:21:57',1),
(1177,'855-656',30,'o3xrw',3,'2023-05-25 06:21:58',555),
(1178,'855-656',30,'o3xrw',2,'2023-05-25 06:31:13',3),
(1179,'855-656',30,'o3xrw',1,'2023-05-25 06:31:16',3),
(1180,'855-656',30,'o3xrw',2,'2023-05-25 06:31:20',2),
(1181,'855-656',30,'o3xrw',3,'2023-05-25 06:31:21',25),
(1182,'855-656',30,'o3xrw',2,'2023-05-25 06:31:46',2),
(1183,'855-656',30,'o3xrw',3,'2023-05-25 06:31:48',6221),
(1184,'855-656',41,'o3xrw',2,'2023-05-25 06:31:51',1),
(1185,'855-656',41,'o3xrw',3,'2023-05-25 06:31:52',1),
(1186,'855-656',41,'o3xrw',4,'2023-05-25 06:31:53',3),
(1187,'855-656',41,'o3xrw',5,'2023-05-25 06:31:56',1),
(1188,'855-656',41,'o3xrw',6,'2023-05-25 06:31:57',2),
(1189,'855-656',41,'o3xrw',5,'2023-05-25 06:32:00',0),
(1190,'855-656',41,'o3xrw',4,'2023-05-25 06:32:00',0),
(1191,'855-656',41,'o3xrw',3,'2023-05-25 06:32:00',0),
(1192,'855-656',41,'o3xrw',2,'2023-05-25 06:32:00',54),
(1193,'855-656',41,'o3xrw',2,'2023-05-25 06:32:54',24),
(1194,'855-656',41,'o3xrw',2,'2023-05-25 06:33:18',1),
(1195,'855-656',41,'o3xrw',2,'2023-05-25 06:33:19',0),
(1196,'855-656',41,'o3xrw',2,'2023-05-25 06:33:19',0),
(1197,'855-656',41,'o3xrw',2,'2023-05-25 06:33:19',528),
(1198,'855-656',41,'o3xrw',2,'2023-05-25 06:42:07',4),
(1199,'855-656',41,'o3xrw',2,'2023-05-25 06:42:12',54),
(1200,'855-656',41,'o3xrw',2,'2023-05-25 06:43:06',13),
(1201,'855-656',41,'o3xrw',2,'2023-05-25 06:43:19',28),
(1202,'855-656',41,'o3xrw',2,'2023-05-25 06:43:47',11),
(1203,'855-656',41,'o3xrw',2,'2023-05-25 06:43:58',11),
(1204,'855-656',41,'o3xrw',3,'2023-05-25 06:44:09',5),
(1205,'855-656',41,'o3xrw',4,'2023-05-25 06:44:15',3),
(1206,'855-656',41,'o3xrw',5,'2023-05-25 06:44:18',2),
(1207,'855-656',41,'o3xrw',6,'2023-05-25 06:44:21',97),
(1208,'855-656',41,'o3xrw',6,'2023-05-25 06:45:58',72),
(1209,'855-656',41,'o3xrw',6,'2023-05-25 06:47:10',18),
(1210,'855-656',41,'o3xrw',6,'2023-05-25 06:47:28',14),
(1211,'855-656',41,'o3xrw',6,'2023-05-25 06:47:43',91),
(1212,'855-656',41,'o3xrw',6,'2023-05-25 06:49:14',2),
(1213,'855-656',41,'o3xrw',7,'2023-05-25 06:49:16',7),
(1214,'855-656',41,'o3xrw',8,'2023-05-25 06:49:23',3),
(1215,'855-656',41,'o3xrw',9,'2023-05-25 06:49:26',1),
(1216,'855-656',41,'o3xrw',10,'2023-05-25 06:49:27',0),
(1217,'855-656',41,'o3xrw',11,'2023-05-25 06:49:27',0),
(1218,'855-656',41,'o3xrw',12,'2023-05-25 06:49:28',1),
(1219,'855-656',41,'o3xrw',13,'2023-05-25 06:49:29',19),
(1220,'855-656',41,'o3xrw',13,'2023-05-25 06:49:48',1),
(1221,'855-656',41,'o3xrw',12,'2023-05-25 06:49:50',0),
(1222,'855-656',41,'o3xrw',11,'2023-05-25 06:49:50',0),
(1223,'855-656',41,'o3xrw',10,'2023-05-25 06:49:51',0),
(1224,'855-656',41,'o3xrw',9,'2023-05-25 06:49:51',0),
(1225,'855-656',41,'o3xrw',8,'2023-05-25 06:49:51',0),
(1226,'855-656',41,'o3xrw',7,'2023-05-25 06:49:51',0),
(1227,'855-656',41,'o3xrw',6,'2023-05-25 06:49:51',0),
(1228,'855-656',41,'o3xrw',5,'2023-05-25 06:49:51',0),
(1229,'855-656',41,'o3xrw',4,'2023-05-25 06:49:52',3),
(1230,'855-656',41,'o3xrw',5,'2023-05-25 06:49:55',4),
(1231,'855-656',41,'o3xrw',6,'2023-05-25 06:49:59',102),
(1232,'855-656',41,'o3xrw',6,'2023-05-25 06:51:41',1),
(1233,'855-656',41,'o3xrw',8,'2023-05-25 06:51:42',2),
(1234,'855-656',41,'o3xrw',6,'2023-05-25 06:51:45',31),
(1235,'855-656',41,'o3xrw',6,'2023-05-25 06:52:16',1),
(1236,'855-656',41,'o3xrw',8,'2023-05-25 06:52:17',12),
(1237,'855-656',41,'o3xrw',8,'2023-05-25 06:52:30',1),
(1238,'855-656',41,'o3xrw',9,'2023-05-25 06:52:31',2),
(1239,'855-656',41,'o3xrw',8,'2023-05-25 06:52:32',0),
(1240,'855-656',41,'o3xrw',6,'2023-05-25 06:52:33',0),
(1241,'855-656',41,'o3xrw',5,'2023-05-25 06:52:33',1),
(1242,'855-656',41,'o3xrw',4,'2023-05-25 06:52:34',1),
(1243,'855-656',41,'o3xrw',4,'2023-05-25 06:52:34',2),
(1244,'855-656',41,'o3xrw',5,'2023-05-25 06:52:36',2),
(1245,'855-656',41,'o3xrw',6,'2023-05-25 06:52:39',2),
(1246,'855-656',41,'o3xrw',7,'2023-05-25 06:52:41',2),
(1247,'855-656',41,'o3xrw',6,'2023-05-25 06:52:43',3004),
(1248,'855-656',41,'o3xrw',6,'2023-05-25 07:42:47',0),
(1249,'855-656',41,'o3xrw',6,'2023-05-25 07:42:48',0),
(1250,'855-656',41,'o3xrw',7,'2023-05-25 07:42:48',13),
(1251,'855-656',41,'o3xrw',6,'2023-05-25 07:43:01',4),
(1252,'855-656',41,'o3xrw',5,'2023-05-25 07:43:05',0),
(1253,'855-656',41,'o3xrw',4,'2023-05-25 07:43:05',0),
(1254,'855-656',41,'o3xrw',3,'2023-05-25 07:43:05',0),
(1255,'855-656',41,'o3xrw',2,'2023-05-25 07:43:05',0),
(1256,'855-656',41,'o3xrw',3,'2023-05-25 07:43:06',1),
(1257,'855-656',41,'o3xrw',4,'2023-05-25 07:43:07',5),
(1258,'855-656',41,'o3xrw',1,'2023-05-25 07:43:12',2),
(1259,'855-656',41,'o3xrw',2,'2023-05-25 07:43:14',1),
(1260,'855-656',41,'o3xrw',3,'2023-05-25 07:43:15',1),
(1261,'855-656',41,'o3xrw',4,'2023-05-25 07:43:16',2),
(1262,'855-656',41,'o3xrw',5,'2023-05-25 07:43:17',5),
(1263,'855-656',41,'o3xrw',6,'2023-05-25 07:43:23',0),
(1264,'855-656',41,'o3xrw',7,'2023-05-25 07:43:23',23),
(1265,'855-656',41,'o3xrw',7,'2023-05-25 07:43:46',2),
(1266,'855-656',41,'o3xrw',6,'2023-05-25 07:43:48',1),
(1267,'855-656',41,'o3xrw',5,'2023-05-25 07:43:49',0),
(1268,'855-656',41,'o3xrw',5,'2023-05-25 07:43:50',1),
(1269,'855-656',41,'o3xrw',5,'2023-05-25 07:43:50',1),
(1270,'855-656',41,'o3xrw',6,'2023-05-25 07:43:51',55),
(1271,'855-656',41,'o3xrw',6,'2023-05-25 07:44:47',21),
(1272,'855-656',41,'o3xrw',6,'2023-05-25 07:45:08',0),
(1273,'855-656',41,'o3xrw',6,'2023-05-25 07:45:49',0),
(1274,'855-656',41,'o3xrw',6,'2023-05-25 07:45:49',13),
(1275,'855-656',41,'o3xrw',6,'2023-05-25 07:46:02',10),
(1276,'855-656',41,'o3xrw',6,'2023-05-25 07:46:12',1),
(1277,'855-656',41,'o3xrw',5,'2023-05-25 07:46:13',1),
(1278,'855-656',41,'o3xrw',4,'2023-05-25 07:46:14',0),
(1279,'855-656',41,'o3xrw',3,'2023-05-25 07:46:14',0),
(1280,'855-656',41,'o3xrw',2,'2023-05-25 07:46:14',1),
(1281,'855-656',41,'o3xrw',1,'2023-05-25 07:46:16',1),
(1282,'855-656',41,'o3xrw',0,'2023-05-25 07:46:16',11),
(1283,'855-656',41,'o3xrw',0,'2023-05-25 07:46:27',1),
(1284,'855-656',41,'o3xrw',1,'2023-05-25 07:46:29',1),
(1285,'855-656',41,'o3xrw',0,'2023-05-25 07:46:30',1),
(1286,'855-656',41,'o3xrw',1,'2023-05-25 07:46:31',0),
(1287,'855-656',41,'o3xrw',1,'2023-05-25 07:46:32',0),
(1288,'855-656',41,'o3xrw',1,'2023-05-25 07:46:32',0),
(1289,'855-656',41,'o3xrw',1,'2023-05-25 07:46:32',1),
(1290,'855-656',41,'o3xrw',0,'2023-05-25 07:46:33',1),
(1291,'855-656',41,'o3xrw',1,'2023-05-25 07:46:34',18),
(1292,'855-656',41,'o3xrw',1,'2023-05-25 07:46:52',2),
(1293,'855-656',41,'o3xrw',2,'2023-05-25 07:46:54',0),
(1294,'855-656',41,'o3xrw',3,'2023-05-25 07:46:54',0),
(1295,'855-656',41,'o3xrw',4,'2023-05-25 07:46:55',0),
(1296,'855-656',41,'o3xrw',5,'2023-05-25 07:46:55',0),
(1297,'855-656',41,'o3xrw',6,'2023-05-25 07:46:56',2),
(1298,'855-656',41,'o3xrw',5,'2023-05-25 07:46:57',0),
(1299,'855-656',41,'o3xrw',4,'2023-05-25 07:46:58',0),
(1300,'855-656',41,'o3xrw',3,'2023-05-25 07:46:58',0),
(1301,'855-656',41,'o3xrw',2,'2023-05-25 07:46:58',0),
(1302,'855-656',41,'o3xrw',1,'2023-05-25 07:46:59',12),
(1303,'855-656',41,'o3xrw',1,'2023-05-25 07:47:11',1),
(1304,'855-656',41,'o3xrw',1,'2023-05-25 07:47:12',0),
(1305,'855-656',41,'o3xrw',1,'2023-05-25 07:47:12',0),
(1306,'855-656',41,'o3xrw',1,'2023-05-25 07:47:12',2),
(1307,'855-656',41,'o3xrw',2,'2023-05-25 07:47:14',0),
(1308,'855-656',41,'o3xrw',3,'2023-05-25 07:47:14',0),
(1309,'855-656',41,'o3xrw',4,'2023-05-25 07:47:14',0),
(1310,'855-656',41,'o3xrw',5,'2023-05-25 07:47:15',0),
(1311,'855-656',41,'o3xrw',6,'2023-05-25 07:47:15',1),
(1312,'855-656',41,'o3xrw',5,'2023-05-25 07:47:16',0),
(1313,'855-656',41,'o3xrw',4,'2023-05-25 07:47:17',0),
(1314,'855-656',41,'o3xrw',3,'2023-05-25 07:47:17',0),
(1315,'855-656',41,'o3xrw',2,'2023-05-25 07:47:17',0),
(1316,'855-656',41,'o3xrw',1,'2023-05-25 07:47:18',1),
(1317,'855-656',41,'o3xrw',2,'2023-05-25 07:47:19',0),
(1318,'855-656',41,'o3xrw',3,'2023-05-25 07:47:20',0),
(1319,'855-656',41,'o3xrw',4,'2023-05-25 07:47:20',0),
(1320,'855-656',41,'o3xrw',5,'2023-05-25 07:47:20',0),
(1321,'855-656',41,'o3xrw',6,'2023-05-25 07:47:20',15515),
(1322,'855-656',30,'o3xrw',3,'2023-05-25 08:15:29',1),
(1323,'855-656',30,'o3xrw',3,'2023-05-25 08:15:30',1),
(1324,'855-656',30,'o3xrw',2,'2023-05-25 08:15:32',1),
(1325,'855-656',30,'o3xrw',1,'2023-05-25 08:15:32',3),
(1326,'855-656',30,'o3xrw',2,'2023-05-25 08:15:35',1),
(1327,'855-656',30,'o3xrw',3,'2023-05-25 08:15:36',2),
(1328,'855-656',30,'o3xrw',2,'2023-05-25 08:15:38',0),
(1329,'855-656',30,'o3xrw',1,'2023-05-25 08:15:38',1),
(1330,'855-656',30,'o3xrw',1,'2023-05-25 08:15:39',0),
(1331,'855-656',30,'o3xrw',1,'2023-05-25 10:22:18',3),
(1332,'855-656',30,'o3xrw',2,'2023-05-25 10:22:21',1),
(1333,'855-656',30,'o3xrw',1,'2023-05-25 10:22:22',2),
(1334,'855-656',30,'o3xrw',2,'2023-05-25 10:22:24',0),
(1335,'855-656',30,'o3xrw',3,'2023-05-25 10:22:25',1),
(1336,'855-656',30,'o3xrw',2,'2023-05-25 10:22:26',0),
(1337,'855-656',30,'o3xrw',1,'2023-05-25 10:22:27',464),
(1338,'855-656',41,'o3xrw',1,'2023-05-25 10:22:33',1),
(1339,'855-656',41,'o3xrw',2,'2023-05-25 10:22:34',1),
(1340,'855-656',41,'o3xrw',3,'2023-05-25 10:22:35',1),
(1341,'855-656',41,'o3xrw',4,'2023-05-25 10:22:37',1),
(1342,'855-656',41,'o3xrw',3,'2023-05-25 10:22:37',1),
(1343,'855-656',41,'o3xrw',2,'2023-05-25 10:22:38',1),
(1344,'855-656',41,'o3xrw',1,'2023-05-25 10:22:39',3),
(1345,'855-656',41,'o3xrw',2,'2023-05-25 10:22:42',0),
(1346,'855-656',41,'o3xrw',3,'2023-05-25 10:22:43',0),
(1347,'855-656',41,'o3xrw',4,'2023-05-25 10:22:43',0),
(1348,'855-656',41,'o3xrw',5,'2023-05-25 10:22:44',3),
(1349,'855-656',41,'o3xrw',4,'2023-05-25 10:22:47',0),
(1350,'855-656',41,'o3xrw',3,'2023-05-25 10:22:47',0),
(1351,'855-656',41,'o3xrw',2,'2023-05-25 10:22:48',1),
(1352,'855-656',41,'o3xrw',1,'2023-05-25 10:22:49',1),
(1353,'855-656',41,'o3xrw',2,'2023-05-25 10:22:50',0),
(1354,'855-656',41,'o3xrw',3,'2023-05-25 10:22:51',0),
(1355,'855-656',41,'o3xrw',4,'2023-05-25 10:22:51',0),
(1356,'855-656',41,'o3xrw',5,'2023-05-25 10:22:51',0),
(1357,'855-656',41,'o3xrw',6,'2023-05-25 10:22:52',2),
(1358,'855-656',41,'o3xrw',5,'2023-05-25 10:22:54',0),
(1359,'855-656',41,'o3xrw',4,'2023-05-25 10:22:54',0),
(1360,'855-656',41,'o3xrw',3,'2023-05-25 10:22:54',0),
(1361,'855-656',41,'o3xrw',2,'2023-05-25 10:22:54',0),
(1362,'855-656',41,'o3xrw',1,'2023-05-25 10:22:54',90),
(1363,'855-656',41,'o3xrw',1,'2023-05-25 10:23:19',16),
(1364,'855-656',41,'o3xrw',2,'2023-05-25 10:23:35',50),
(1365,'855-656',41,'o3xrw',2,'2023-05-25 10:24:24',37),
(1366,'855-656',41,'o3xrw',2,'2023-05-25 10:24:57',4),
(1367,'855-656',41,'o3xrw',2,'2023-05-25 10:25:02',3),
(1368,'855-656',41,'o3xrw',2,'2023-05-25 10:25:05',0),
(1369,'855-656',41,'o3xrw',2,'2023-05-25 10:25:05',0),
(1370,'855-656',41,'o3xrw',2,'2023-05-25 10:25:06',27),
(1371,'855-656',41,'o3xrw',2,'2023-05-25 10:25:31',2),
(1372,'855-656',41,'o3xrw',2,'2023-05-25 10:25:34',6),
(1373,'855-656',41,'o3xrw',2,'2023-05-25 10:25:37',2),
(1374,'855-656',41,'o3xrw',2,'2023-05-25 10:25:39',51),
(1375,'855-656',41,'o3xrw',2,'2023-05-25 10:25:42',49),
(1376,'855-656',41,'o3xrw',2,'2023-05-25 10:26:31',4),
(1377,'855-656',41,'o3xrw',2,'2023-05-25 10:26:33',2),
(1378,'855-656',41,'o3xrw',2,'2023-05-25 10:26:35',21),
(1379,'855-656',41,'o3xrw',2,'2023-05-25 10:26:56',1),
(1380,'855-656',41,'o3xrw',2,'2023-05-25 10:26:57',0),
(1381,'855-656',41,'o3xrw',2,'2023-05-25 10:26:57',54),
(1382,'855-656',41,'o3xrw',2,'2023-05-25 10:27:51',10),
(1383,'855-656',41,'o3xrw',2,'2023-05-25 10:28:01',0),
(1384,'855-656',41,'o3xrw',2,'2023-05-25 10:28:02',0),
(1385,'855-656',41,'o3xrw',2,'2023-05-25 10:28:02',0),
(1386,'855-656',41,'o3xrw',2,'2023-05-25 10:28:02',0),
(1387,'855-656',41,'o3xrw',2,'2023-05-25 10:28:02',23),
(1388,'855-656',41,'o3xrw',2,'2023-05-25 10:28:25',1),
(1389,'855-656',41,'o3xrw',2,'2023-05-25 10:28:26',0),
(1390,'855-656',41,'o3xrw',2,'2023-05-25 10:28:27',0),
(1391,'855-656',41,'o3xrw',2,'2023-05-25 10:28:27',0),
(1392,'855-656',41,'o3xrw',2,'2023-05-25 10:28:27',0),
(1393,'855-656',41,'o3xrw',2,'2023-05-25 10:28:27',1),
(1394,'855-656',41,'o3xrw',2,'2023-05-25 10:28:29',13),
(1395,'855-656',41,'o3xrw',2,'2023-05-25 10:28:42',0),
(1396,'855-656',41,'o3xrw',2,'2023-05-25 10:28:42',0),
(1397,'855-656',41,'o3xrw',2,'2023-05-25 10:28:42',1),
(1398,'855-656',41,'o3xrw',2,'2023-05-25 10:28:43',0),
(1399,'855-656',41,'o3xrw',2,'2023-05-25 10:28:43',0),
(1400,'855-656',41,'o3xrw',2,'2023-05-25 10:28:43',0),
(1401,'855-656',41,'o3xrw',2,'2023-05-25 10:28:43',0),
(1402,'855-656',41,'o3xrw',2,'2023-05-25 10:28:43',5),
(1403,'855-656',41,'o3xrw',2,'2023-05-25 10:28:49',0),
(1404,'855-656',41,'o3xrw',2,'2023-05-25 10:28:49',0),
(1405,'855-656',41,'o3xrw',2,'2023-05-25 10:28:49',0),
(1406,'855-656',41,'o3xrw',2,'2023-05-25 10:28:49',0),
(1407,'855-656',41,'o3xrw',2,'2023-05-25 10:28:50',1135),
(1408,'855-656',30,'o3xrw',1,'2023-05-25 10:30:11',1),
(1409,'855-656',30,'o3xrw',1,'2023-05-25 10:30:12',0),
(1410,'855-656',30,'o3xrw',1,'2023-05-25 10:30:12',0),
(1411,'855-656',30,'o3xrw',1,'2023-05-25 10:30:13',0),
(1412,'855-656',30,'o3xrw',1,'2023-05-25 10:30:13',183),
(1413,'855-656',30,'o3xrw',1,'2023-05-25 10:33:16',1),
(1414,'855-656',30,'o3xrw',1,'2023-05-25 10:33:17',0),
(1415,'855-656',30,'o3xrw',1,'2023-05-25 10:33:17',1),
(1416,'855-656',30,'o3xrw',1,'2023-05-25 10:33:18',0),
(1417,'855-656',30,'o3xrw',1,'2023-05-25 10:33:18',0),
(1418,'855-656',30,'o3xrw',1,'2023-05-25 10:33:18',0),
(1419,'855-656',30,'o3xrw',1,'2023-05-25 10:33:19',0),
(1420,'855-656',30,'o3xrw',1,'2023-05-25 10:33:19',2),
(1421,'855-656',30,'o3xrw',1,'2023-05-25 10:33:20',49),
(1422,'855-656',30,'o3xrw',1,'2023-05-25 10:34:10',0),
(1423,'855-656',30,'o3xrw',1,'2023-05-25 10:34:10',0),
(1424,'855-656',30,'o3xrw',1,'2023-05-25 10:34:11',0),
(1425,'855-656',30,'o3xrw',1,'2023-05-25 10:34:11',1),
(1426,'855-656',30,'o3xrw',1,'2023-05-25 10:34:12',36),
(1427,'855-656',30,'o3xrw',1,'2023-05-25 10:34:48',1),
(1428,'855-656',30,'o3xrw',1,'2023-05-25 10:34:49',0),
(1429,'855-656',30,'o3xrw',1,'2023-05-25 10:34:50',0),
(1430,'855-656',30,'o3xrw',1,'2023-05-25 10:34:50',46),
(1431,'855-656',30,'o3xrw',1,'2023-05-25 10:35:36',4),
(1432,'855-656',30,'o3xrw',1,'2023-05-25 10:35:40',0),
(1433,'855-656',30,'o3xrw',1,'2023-05-25 10:35:40',0),
(1434,'855-656',30,'o3xrw',1,'2023-05-25 10:35:40',0),
(1435,'855-656',30,'o3xrw',1,'2023-05-25 10:35:41',1),
(1436,'855-656',30,'o3xrw',1,'2023-05-25 10:35:42',405),
(1437,'855-656',30,'o3xrw',1,'2023-05-25 10:42:27',114),
(1438,'855-656',30,'o3xrw',1,'2023-05-25 10:44:21',1),
(1439,'855-656',30,'o3xrw',1,'2023-05-25 10:44:22',0),
(1440,'855-656',30,'o3xrw',1,'2023-05-25 10:44:22',0),
(1441,'855-656',30,'o3xrw',1,'2023-05-25 10:44:23',0),
(1442,'855-656',30,'o3xrw',1,'2023-05-25 10:44:23',78),
(1443,'855-656',30,'o3xrw',1,'2023-05-25 10:45:41',0),
(1444,'855-656',30,'o3xrw',1,'2023-05-25 10:45:42',1),
(1445,'855-656',30,'o3xrw',1,'2023-05-25 10:45:43',45),
(1446,'855-656',30,'o3xrw',1,'2023-05-25 10:46:28',1),
(1447,'855-656',30,'o3xrw',1,'2023-05-25 10:46:28',0),
(1448,'855-656',30,'o3xrw',1,'2023-05-25 10:46:29',0),
(1449,'855-656',30,'o3xrw',1,'2023-05-25 10:46:29',0),
(1450,'855-656',30,'o3xrw',1,'2023-05-25 10:46:29',2),
(1451,'855-656',30,'o3xrw',1,'2023-05-25 10:46:31',0),
(1452,'855-656',30,'o3xrw',1,'2023-05-25 10:46:32',0),
(1453,'855-656',30,'o3xrw',1,'2023-05-25 10:46:32',34),
(1454,'855-656',30,'o3xrw',1,'2023-05-25 10:47:06',0),
(1455,'855-656',30,'o3xrw',1,'2023-05-25 10:47:06',0),
(1456,'855-656',30,'o3xrw',1,'2023-05-25 10:47:07',1),
(1457,'855-656',30,'o3xrw',1,'2023-05-25 10:47:08',3),
(1458,'855-656',30,'o3xrw',1,'2023-05-25 10:47:12',0),
(1459,'855-656',30,'o3xrw',1,'2023-05-25 10:47:12',0),
(1460,'855-656',30,'o3xrw',1,'2023-05-25 10:47:12',0),
(1461,'855-656',30,'o3xrw',1,'2023-05-25 10:47:13',0),
(1462,'855-656',30,'o3xrw',1,'2023-05-25 10:47:13',0),
(1463,'855-656',30,'o3xrw',1,'2023-05-25 10:47:13',5336),
(1464,'855-656',30,'o3xrw',1,'2023-05-25 10:47:15',5334),
(1465,'855-656',41,'o3xrw',2,'2023-05-25 10:47:23',22),
(1466,'855-656',41,'o3xrw',2,'2023-05-25 10:47:44',0),
(1467,'855-656',41,'o3xrw',2,'2023-05-25 10:47:45',1),
(1468,'855-656',41,'o3xrw',2,'2023-05-25 10:47:46',0),
(1469,'855-656',41,'o3xrw',2,'2023-05-25 10:47:47',0),
(1470,'855-656',41,'o3xrw',2,'2023-05-25 10:47:47',0),
(1471,'855-656',41,'o3xrw',2,'2023-05-25 10:47:47',9),
(1472,'855-656',41,'o3xrw',2,'2023-05-25 10:47:56',34),
(1473,'855-656',41,'o3xrw',2,'2023-05-25 10:47:59',30),
(1474,'855-656',41,'o3xrw',2,'2023-05-25 10:48:30',0),
(1475,'855-656',41,'o3xrw',2,'2023-05-25 10:48:30',20),
(1476,'855-656',41,'o3xrw',2,'2023-05-25 10:48:50',0),
(1477,'855-656',41,'o3xrw',2,'2023-05-25 10:48:50',197),
(1478,'855-656',41,'o3xrw',2,'2023-05-25 10:52:08',0),
(1479,'855-656',41,'o3xrw',2,'2023-05-25 10:52:08',255),
(1480,'855-656',41,'o3xrw',2,'2023-05-25 10:56:23',0),
(1481,'855-656',41,'o3xrw',2,'2023-05-25 10:56:24',42),
(1482,'855-656',41,'o3xrw',2,'2023-05-25 10:57:06',0),
(1483,'855-656',41,'o3xrw',2,'2023-05-25 10:57:07',122),
(1484,'855-656',41,'o3xrw',2,'2023-05-25 10:59:09',0),
(1485,'855-656',41,'o3xrw',2,'2023-05-25 10:59:09',91),
(1486,'855-656',41,'o3xrw',2,'2023-05-25 11:00:40',0),
(1487,'855-656',41,'o3xrw',2,'2023-05-25 11:00:40',19),
(1488,'855-656',41,'o3xrw',2,'2023-05-25 11:01:00',0),
(1489,'855-656',41,'o3xrw',2,'2023-05-25 11:01:00',1),
(1490,'855-656',41,'o3xrw',2,'2023-05-25 11:01:01',0),
(1491,'855-656',41,'o3xrw',2,'2023-05-25 11:01:01',22),
(1492,'855-656',41,'o3xrw',2,'2023-05-25 11:01:23',0),
(1493,'855-656',41,'o3xrw',2,'2023-05-25 11:01:24',26),
(1494,'855-656',41,'o3xrw',2,'2023-05-25 11:01:50',0),
(1495,'855-656',41,'o3xrw',2,'2023-05-25 11:01:50',2),
(1496,'855-656',41,'o3xrw',2,'2023-05-25 11:01:52',0),
(1497,'855-656',41,'o3xrw',2,'2023-05-25 11:01:52',9),
(1498,'855-656',41,'o3xrw',2,'2023-05-25 11:02:02',0),
(1499,'855-656',41,'o3xrw',2,'2023-05-25 11:02:02',1),
(1500,'855-656',41,'o3xrw',2,'2023-05-25 11:02:03',0),
(1501,'855-656',41,'o3xrw',2,'2023-05-25 11:02:03',1),
(1502,'855-656',41,'o3xrw',2,'2023-05-25 11:02:04',0),
(1503,'855-656',41,'o3xrw',2,'2023-05-25 11:02:05',38),
(1504,'855-656',41,'o3xrw',2,'2023-05-25 11:02:43',0),
(1505,'855-656',41,'o3xrw',2,'2023-05-25 11:02:43',11),
(1506,'855-656',41,'o3xrw',2,'2023-05-25 11:02:55',0),
(1507,'855-656',41,'o3xrw',2,'2023-05-25 11:02:55',2),
(1508,'855-656',41,'o3xrw',2,'2023-05-25 11:02:58',0),
(1509,'855-656',41,'o3xrw',2,'2023-05-25 11:02:58',56),
(1510,'855-656',41,'o3xrw',2,'2023-05-25 11:03:54',0),
(1511,'855-656',41,'o3xrw',2,'2023-05-25 11:03:54',1),
(1512,'855-656',41,'o3xrw',2,'2023-05-25 11:03:55',0),
(1513,'855-656',41,'o3xrw',2,'2023-05-25 11:03:55',1),
(1514,'855-656',41,'o3xrw',2,'2023-05-25 11:03:57',0),
(1515,'855-656',41,'o3xrw',2,'2023-05-25 11:03:57',82),
(1516,'855-656',41,'o3xrw',2,'2023-05-25 11:05:19',0),
(1517,'855-656',41,'o3xrw',2,'2023-05-25 11:05:19',10),
(1518,'855-656',41,'o3xrw',2,'2023-05-25 11:05:29',0),
(1519,'855-656',41,'o3xrw',2,'2023-05-25 11:05:30',30),
(1520,'855-656',41,'o3xrw',2,'2023-05-25 11:06:00',0),
(1521,'855-656',41,'o3xrw',2,'2023-05-25 11:06:01',1),
(1522,'855-656',41,'o3xrw',2,'2023-05-25 11:06:02',0),
(1523,'855-656',41,'o3xrw',2,'2023-05-25 11:06:02',48),
(1524,'855-656',41,'o3xrw',2,'2023-05-25 11:06:50',0),
(1525,'855-656',41,'o3xrw',2,'2023-05-25 11:06:50',28),
(1526,'855-656',41,'o3xrw',2,'2023-05-25 11:07:18',0),
(1527,'855-656',41,'o3xrw',2,'2023-05-25 11:07:19',6),
(1528,'855-656',41,'o3xrw',2,'2023-05-25 11:07:25',0),
(1529,'855-656',41,'o3xrw',2,'2023-05-25 11:07:26',3),
(1530,'855-656',41,'o3xrw',2,'2023-05-25 11:07:29',0),
(1531,'855-656',41,'o3xrw',2,'2023-05-25 11:07:29',765),
(1532,'855-656',41,'o3xrw',2,'2023-05-25 11:20:16',10),
(1533,'855-656',41,'o3xrw',2,'2023-05-25 11:20:26',120),
(1534,'855-656',41,'o3xrw',2,'2023-05-25 11:22:27',1),
(1535,'855-656',41,'o3xrw',2,'2023-05-25 11:22:27',0),
(1536,'855-656',41,'o3xrw',2,'2023-05-25 11:22:28',0),
(1537,'855-656',41,'o3xrw',2,'2023-05-25 11:22:28',1),
(1538,'855-656',41,'o3xrw',2,'2023-05-25 11:22:29',16),
(1539,'855-656',41,'o3xrw',2,'2023-05-25 11:22:45',136),
(1540,'855-656',41,'o3xrw',2,'2023-05-25 11:25:01',1),
(1541,'855-656',41,'o3xrw',2,'2023-05-25 11:25:02',9),
(1542,'855-656',41,'o3xrw',2,'2023-05-25 11:25:12',1),
(1543,'855-656',41,'o3xrw',2,'2023-05-25 11:25:13',0),
(1544,'855-656',41,'o3xrw',2,'2023-05-25 11:25:13',0),
(1545,'855-656',41,'o3xrw',2,'2023-05-25 11:25:13',0),
(1546,'855-656',41,'o3xrw',2,'2023-05-25 11:25:14',0),
(1547,'855-656',41,'o3xrw',2,'2023-05-25 11:25:14',0),
(1548,'855-656',41,'o3xrw',2,'2023-05-25 11:25:14',0),
(1549,'855-656',41,'o3xrw',2,'2023-05-25 11:25:14',0),
(1550,'855-656',41,'o3xrw',2,'2023-05-25 11:25:14',0),
(1551,'855-656',41,'o3xrw',2,'2023-05-25 11:25:14',0),
(1552,'855-656',41,'o3xrw',2,'2023-05-25 11:25:15',0),
(1553,'855-656',41,'o3xrw',2,'2023-05-25 11:25:15',0),
(1554,'855-656',41,'o3xrw',2,'2023-05-25 11:25:15',1),
(1555,'855-656',41,'o3xrw',2,'2023-05-25 11:25:16',3),
(1556,'855-656',41,'o3xrw',2,'2023-05-25 11:25:20',0),
(1557,'855-656',41,'o3xrw',2,'2023-05-25 11:25:20',0),
(1558,'855-656',41,'o3xrw',2,'2023-05-25 11:25:21',0),
(1559,'855-656',41,'o3xrw',2,'2023-05-25 11:25:21',0),
(1560,'855-656',41,'o3xrw',2,'2023-05-25 11:25:21',0),
(1561,'855-656',41,'o3xrw',2,'2023-05-25 11:25:21',0),
(1562,'855-656',41,'o3xrw',2,'2023-05-25 11:25:21',1),
(1563,'855-656',41,'o3xrw',2,'2023-05-25 11:25:23',1),
(1564,'855-656',41,'o3xrw',2,'2023-05-25 11:25:24',11),
(1565,'855-656',41,'o3xrw',2,'2023-05-25 11:25:35',66),
(1566,'855-656',41,'o3xrw',2,'2023-05-25 11:26:41',1),
(1567,'855-656',41,'o3xrw',2,'2023-05-25 11:26:42',0),
(1568,'855-656',41,'o3xrw',2,'2023-05-25 11:26:43',0),
(1569,'855-656',41,'o3xrw',2,'2023-05-25 11:26:43',0),
(1570,'855-656',41,'o3xrw',2,'2023-05-25 11:26:43',0),
(1571,'855-656',41,'o3xrw',2,'2023-05-25 11:26:44',51),
(1572,'855-656',41,'o3xrw',2,'2023-05-25 11:27:35',45),
(1573,'855-656',41,'o3xrw',2,'2023-05-25 11:28:19',1),
(1574,'855-656',41,'o3xrw',2,'2023-05-25 11:28:20',1),
(1575,'855-656',41,'o3xrw',2,'2023-05-25 11:28:21',14),
(1576,'855-656',41,'o3xrw',2,'2023-05-25 11:28:36',39),
(1577,'855-656',41,'o3xrw',2,'2023-05-25 11:29:15',437),
(1578,'855-656',41,'o3xrw',2,'2023-05-25 11:36:32',16),
(1579,'855-656',41,'o3xrw',2,'2023-05-25 11:36:48',75),
(1580,'855-656',41,'o3xrw',2,'2023-05-25 11:38:04',1),
(1581,'855-656',41,'o3xrw',2,'2023-05-25 11:38:04',0),
(1582,'855-656',41,'o3xrw',2,'2023-05-25 11:38:05',0),
(1583,'855-656',41,'o3xrw',2,'2023-05-25 11:38:05',0),
(1584,'855-656',41,'o3xrw',2,'2023-05-25 11:38:05',0),
(1585,'855-656',41,'o3xrw',2,'2023-05-25 11:38:05',0),
(1586,'855-656',41,'o3xrw',2,'2023-05-25 11:38:05',0),
(1587,'855-656',41,'o3xrw',2,'2023-05-25 11:38:06',1211),
(1588,'855-656',41,'o3xrw',2,'2023-05-25 11:58:16',141),
(1589,'855-656',41,'o3xrw',2,'2023-05-25 12:00:37',8),
(1590,'855-656',41,'o3xrw',2,'2023-05-25 12:00:45',0),
(1591,'855-656',41,'o3xrw',2,'2023-05-25 12:00:46',0),
(1592,'855-656',41,'o3xrw',2,'2023-05-25 12:00:46',0),
(1593,'855-656',41,'o3xrw',2,'2023-05-25 12:00:46',0),
(1594,'855-656',41,'o3xrw',2,'2023-05-25 12:00:46',1),
(1595,'855-656',41,'o3xrw',2,'2023-05-25 12:00:48',4),
(1596,'855-656',41,'o3xrw',2,'2023-05-25 12:00:52',39),
(1597,'855-656',41,'o3xrw',2,'2023-05-25 12:01:32',24),
(1598,'855-656',41,'o3xrw',2,'2023-05-25 12:01:57',1),
(1599,'855-656',41,'o3xrw',2,'2023-05-25 12:01:58',0),
(1600,'855-656',41,'o3xrw',2,'2023-05-25 12:01:58',0),
(1601,'855-656',41,'o3xrw',2,'2023-05-25 12:01:58',19),
(1602,'855-656',41,'o3xrw',2,'2023-05-25 12:02:17',1),
(1603,'855-656',41,'o3xrw',2,'2023-05-25 12:02:19',7),
(1604,'855-656',41,'o3xrw',2,'2023-05-25 12:02:26',11),
(1605,'855-656',41,'o3xrw',2,'2023-05-25 12:02:37',6),
(1606,'855-656',41,'o3xrw',2,'2023-05-25 12:02:43',122),
(1607,'855-656',41,'o3xrw',2,'2023-05-25 12:04:45',1),
(1608,'855-656',41,'o3xrw',2,'2023-05-25 12:04:46',0),
(1609,'855-656',41,'o3xrw',2,'2023-05-25 12:04:46',0),
(1610,'855-656',41,'o3xrw',2,'2023-05-25 12:04:47',0),
(1611,'855-656',41,'o3xrw',2,'2023-05-25 12:04:47',5),
(1612,'855-656',41,'o3xrw',2,'2023-05-25 12:04:52',1),
(1613,'855-656',41,'o3xrw',2,'2023-05-25 12:04:54',972),
(1614,'855-656',41,'o3xrw',6,'2023-05-25 12:05:55',4),
(1615,'855-656',41,'o3xrw',6,'2023-05-25 12:05:59',0),
(1616,'855-656',41,'o3xrw',6,'2023-05-25 12:06:00',76),
(1617,'855-656',41,'o3xrw',5,'2023-05-25 12:07:17',1),
(1618,'855-656',41,'o3xrw',4,'2023-05-25 12:07:17',1),
(1619,'855-656',41,'o3xrw',3,'2023-05-25 12:07:18',42),
(1620,'855-656',41,'o3xrw',3,'2023-05-25 12:08:00',54),
(1621,'855-656',41,'o3xrw',3,'2023-05-25 12:08:30',24),
(1622,'855-656',41,'o3xrw',3,'2023-05-25 12:08:54',0),
(1623,'855-656',41,'o3xrw',3,'2023-05-25 12:08:54',10),
(1624,'855-656',41,'o3xrw',3,'2023-05-25 12:09:04',113),
(1625,'855-656',41,'o3xrw',3,'2023-05-25 12:10:58',0),
(1626,'855-656',41,'o3xrw',3,'2023-05-25 12:10:58',1),
(1627,'855-656',41,'o3xrw',3,'2023-05-25 12:10:59',21),
(1628,'855-656',41,'o3xrw',3,'2023-05-25 12:11:21',0),
(1629,'855-656',41,'o3xrw',3,'2023-05-25 12:11:37',15),
(1630,'855-656',41,'o3xrw',4,'2023-05-25 12:11:52',1),
(1631,'855-656',41,'o3xrw',5,'2023-05-25 12:11:53',1),
(1632,'855-656',41,'o3xrw',6,'2023-05-25 12:11:54',1),
(1633,'855-656',41,'o3xrw',5,'2023-05-25 12:11:55',0),
(1634,'855-656',41,'o3xrw',4,'2023-05-25 12:11:55',0),
(1635,'855-656',41,'o3xrw',3,'2023-05-25 12:11:56',0),
(1636,'855-656',30,'o3xrw',1,'2023-05-25 12:16:09',0),
(1637,'855-656',30,'o3xrw',1,'2023-05-25 12:16:09',1),
(1638,'855-656',30,'o3xrw',1,'2023-05-25 12:16:11',0),
(1639,'855-656',30,'o3xrw',1,'2023-05-25 12:16:11',27),
(1640,'855-656',30,'o3xrw',1,'2023-05-25 12:16:38',0),
(1641,'855-656',30,'o3xrw',1,'2023-05-25 12:16:39',13),
(1642,'855-656',30,'o3xrw',1,'2023-05-25 12:16:52',0),
(1643,'855-656',30,'o3xrw',1,'2023-05-25 12:16:52',10),
(1644,'855-656',30,'o3xrw',1,'2023-05-25 12:17:02',0),
(1645,'855-656',30,'o3xrw',1,'2023-05-25 12:17:02',5),
(1646,'855-656',30,'o3xrw',1,'2023-05-25 12:17:08',69),
(1647,'855-656',30,'o3xrw',1,'2023-05-25 12:17:19',57),
(1648,'855-656',30,'o3xrw',1,'2023-05-25 12:18:17',0),
(1649,'855-656',30,'o3xrw',1,'2023-05-25 12:18:17',27),
(1650,'855-656',30,'o3xrw',1,'2023-05-25 12:18:45',0),
(1651,'855-656',30,'o3xrw',1,'2023-05-25 12:18:45',4),
(1652,'855-656',30,'o3xrw',1,'2023-05-25 12:18:49',0),
(1653,'855-656',30,'o3xrw',1,'2023-05-25 12:18:49',131),
(1654,'855-656',30,'o3xrw',1,'2023-05-25 12:21:01',0),
(1655,'855-656',30,'o3xrw',1,'2023-05-25 12:21:01',2548),
(1656,'855-656',41,'o3xrw',2,'2023-05-25 12:21:06',1),
(1657,'855-656',41,'o3xrw',2,'2023-05-25 12:21:07',0),
(1658,'855-656',41,'o3xrw',2,'2023-05-25 12:21:07',0),
(1659,'855-656',41,'o3xrw',2,'2023-05-25 12:21:07',0),
(1660,'855-656',41,'o3xrw',2,'2023-05-25 12:21:08',9),
(1661,'855-656',41,'o3xrw',2,'2023-05-25 12:21:16',2533),
(1662,NULL,41,'o3xrw',0,'2023-05-26 05:14:58',0),
(1663,NULL,41,'o3xrw',2,'2023-05-26 05:15:06',0),
(1664,NULL,41,'o3xrw',3,'2023-05-26 05:15:08',0),
(1665,NULL,41,'o3xrw',4,'2023-05-26 05:15:11',0),
(1666,NULL,41,'o3xrw',3,'2023-05-26 05:15:15',0),
(1667,NULL,41,'o3xrw',2,'2023-05-26 05:15:16',0),
(1668,NULL,41,'o3xrw',1,'2023-05-26 05:15:17',0),
(1669,NULL,41,'o3xrw',2,'2023-05-26 05:15:32',0),
(1670,NULL,41,'o3xrw',1,'2023-05-26 05:15:33',0),
(1671,NULL,41,'o3xrw',1,'2023-05-26 06:00:50',0),
(1672,NULL,41,'o3xrw',2,'2023-05-26 06:01:00',0),
(1673,NULL,41,'o3xrw',1,'2023-05-26 06:01:01',0),
(1674,NULL,41,'o3xrw',2,'2023-05-26 06:03:17',0),
(1675,NULL,41,'o3xrw',3,'2023-05-26 06:03:17',0),
(1676,NULL,41,'o3xrw',2,'2023-05-26 06:03:19',0),
(1677,NULL,41,'o3xrw',1,'2023-05-26 06:03:20',0),
(1678,NULL,41,'o3xrw',0,'2023-05-26 08:18:34',0),
(1679,NULL,41,'o3xrw',0,'2023-05-26 08:18:39',0),
(1680,NULL,41,'o3xrw',0,'2023-05-26 09:50:36',0),
(1681,NULL,41,'o3xrw',0,'2023-05-26 09:50:38',0),
(1682,NULL,41,'o3xrw',0,'2023-05-26 09:50:38',0),
(1683,NULL,41,'o3xrw',0,'2023-05-26 09:50:39',0),
(1684,NULL,41,'o3xrw',0,'2023-05-26 09:50:40',0),
(1685,NULL,41,'o3xrw',0,'2023-05-26 10:09:14',0),
(1686,NULL,41,'o3xrw',0,'2023-05-26 10:09:17',0),
(1687,NULL,41,'o3xrw',0,'2023-05-26 10:49:51',0),
(1688,NULL,41,'o3xrw',0,'2023-05-26 10:50:37',0),
(1689,NULL,41,'o3xrw',0,'2023-05-26 10:50:45',0),
(1690,NULL,41,'o3xrw',0,'2023-05-26 10:50:46',0),
(1691,NULL,41,'o3xrw',0,'2023-05-26 10:51:03',0),
(1692,NULL,41,'o3xrw',0,'2023-05-26 10:51:09',0),
(1693,NULL,41,'o3xrw',0,'2023-05-26 10:51:10',0),
(1694,NULL,41,'o3xrw',0,'2023-05-26 10:51:12',0),
(1695,NULL,41,'o3xrw',0,'2023-05-26 10:51:13',0),
(1696,NULL,41,'o3xrw',0,'2023-05-26 10:51:14',0),
(1697,NULL,41,'o3xrw',2,'2023-05-26 10:52:45',0),
(1698,NULL,41,'o3xrw',3,'2023-05-26 10:52:46',0),
(1699,NULL,41,'o3xrw',4,'2023-05-26 10:52:47',0),
(1700,NULL,41,'o3xrw',3,'2023-05-26 10:52:49',0),
(1701,NULL,41,'o3xrw',2,'2023-05-26 10:52:49',0),
(1702,NULL,41,'o3xrw',1,'2023-05-26 10:52:49',0),
(1703,NULL,41,'o3xrw',2,'2023-05-26 10:52:51',0),
(1704,NULL,41,'o3xrw',3,'2023-05-26 10:52:52',0),
(1705,NULL,41,'o3xrw',4,'2023-05-26 10:52:52',0),
(1706,NULL,41,'o3xrw',5,'2023-05-26 10:52:53',0),
(1707,NULL,41,'o3xrw',4,'2023-05-26 10:54:49',0),
(1708,NULL,41,'o3xrw',3,'2023-05-26 10:54:49',0),
(1709,NULL,41,'o3xrw',2,'2023-05-26 10:54:49',0),
(1710,NULL,41,'o3xrw',1,'2023-05-26 10:54:50',0),
(1711,NULL,41,'o3xrw',1,'2023-05-26 10:54:50',0),
(1712,NULL,41,'o3xrw',1,'2023-05-26 10:54:51',0),
(1713,NULL,41,'o3xrw',1,'2023-05-26 10:54:53',0),
(1714,NULL,30,'o3xrw',0,'2023-05-26 10:55:06',0),
(1715,NULL,30,'o3xrw',0,'2023-05-26 22:28:03',0),
(1716,NULL,30,'o3xrw',0,'2023-05-26 22:28:05',0),
(1717,NULL,41,'o3xrw',1,'2023-05-26 22:28:07',0),
(1718,NULL,41,'o3xrw',0,'2023-05-27 00:46:04',0),
(1719,'99999-9',41,'o3xrw',0,'2023-05-29 11:57:32',0),
(1720,'99999-9',41,'o3xrw',0,'2023-05-29 22:02:41',8246),
(1721,NULL,41,'o3xrw',0,'2023-06-02 22:30:58',0),
(1722,NULL,41,'o3xrw',0,'2023-06-02 22:31:03',0),
(1723,NULL,41,'o3xrw',0,'2023-06-02 22:31:40',0),
(1724,NULL,41,'o3xrw',0,'2023-06-02 22:31:45',0),
(1725,NULL,41,'o3xrw',0,'2023-06-02 22:31:45',0),
(1726,NULL,41,'o3xrw',0,'2023-06-02 22:31:50',0),
(1727,NULL,41,'o3xrw',0,'2023-06-02 22:31:51',0),
(1728,NULL,41,'o3xrw',0,'2023-06-02 22:31:59',0),
(1729,NULL,41,'o3xrw',0,'2023-06-02 22:32:02',0),
(1730,NULL,41,'o3xrw',0,'2023-06-02 22:32:03',0),
(1731,NULL,41,'o3xrw',0,'2023-06-02 22:32:13',0),
(1732,NULL,41,'o3xrw',0,'2023-06-02 22:32:22',0),
(1733,NULL,41,'o3xrw',0,'2023-06-02 22:32:32',0),
(1734,NULL,41,'o3xrw',0,'2023-06-02 22:32:32',0),
(1735,NULL,41,'o3xrw',0,'2023-06-02 22:32:33',0),
(1736,NULL,41,'o3xrw',0,'2023-06-02 22:32:33',0),
(1737,NULL,41,'o3xrw',0,'2023-06-02 22:32:38',0),
(1738,NULL,41,'o3xrw',0,'2023-06-02 22:32:59',0),
(1739,NULL,41,'o3xrw',0,'2023-06-02 22:33:06',0),
(1740,NULL,41,'o3xrw',0,'2023-06-02 22:33:11',0),
(1741,NULL,41,'o3xrw',0,'2023-06-02 22:33:13',0),
(1742,NULL,41,'o3xrw',0,'2023-06-02 22:33:14',0),
(1743,NULL,41,'o3xrw',0,'2023-06-02 22:33:17',0),
(1744,NULL,41,'o3xrw',0,'2023-06-02 22:33:20',0),
(1745,NULL,41,'o3xrw',0,'2023-06-02 22:33:27',0),
(1746,NULL,41,'o3xrw',0,'2023-06-02 22:33:29',0),
(1747,NULL,41,'o3xrw',0,'2023-06-02 22:33:44',0),
(1748,NULL,41,'o3xrw',2,'2023-06-02 22:33:57',0),
(1749,NULL,41,'o3xrw',1,'2023-06-02 22:33:59',0),
(1750,NULL,41,'o3xrw',2,'2023-06-02 22:34:00',0),
(1751,NULL,41,'o3xrw',3,'2023-06-02 22:34:01',0),
(1752,NULL,41,'o3xrw',4,'2023-06-02 22:34:02',0),
(1753,NULL,41,'o3xrw',5,'2023-06-02 22:34:03',0),
(1754,NULL,41,'o3xrw',6,'2023-06-02 22:34:04',0),
(1755,NULL,41,'o3xrw',7,'2023-06-02 22:34:04',0),
(1756,NULL,41,'o3xrw',7,'2023-06-02 22:34:07',0),
(1757,NULL,41,'o3xrw',7,'2023-06-02 22:34:08',0),
(1758,NULL,41,'o3xrw',6,'2023-06-02 22:34:09',0),
(1759,NULL,41,'o3xrw',7,'2023-06-02 22:34:12',0),
(1760,NULL,41,'o3xrw',6,'2023-06-02 22:34:13',0),
(1761,NULL,41,'o3xrw',6,'2023-06-02 22:34:14',0),
(1762,NULL,41,'o3xrw',6,'2023-06-02 22:34:14',0),
(1763,NULL,41,'o3xrw',6,'2023-06-02 22:34:28',0),
(1764,NULL,41,'o3xrw',7,'2023-06-02 22:34:37',0),
(1765,NULL,41,'o3xrw',1,'2023-06-02 22:34:41',0),
(1766,NULL,41,'o3xrw',1,'2023-06-02 22:34:57',0),
(1767,NULL,41,'o3xrw',1,'2023-06-02 22:35:10',0),
(1768,NULL,41,'o3xrw',1,'2023-06-02 22:35:44',0),
(1769,NULL,41,'o3xrw',1,'2023-06-02 22:35:51',0),
(1770,NULL,41,'o3xrw',1,'2023-06-02 22:35:54',0),
(1771,NULL,41,'o3xrw',1,'2023-06-02 22:35:58',0),
(1772,NULL,41,'o3xrw',1,'2023-06-02 22:36:00',0),
(1773,NULL,41,'o3xrw',1,'2023-06-02 23:08:44',0),
(1774,NULL,41,'o3xrw',1,'2023-06-02 23:08:49',0),
(1775,NULL,41,'o3xrw',1,'2023-06-02 23:09:09',0),
(1776,NULL,41,'o3xrw',1,'2023-06-02 23:09:09',0),
(1777,NULL,41,'o3xrw',1,'2023-06-02 23:09:10',0),
(1778,NULL,41,'o3xrw',1,'2023-06-02 23:09:10',0),
(1779,NULL,41,'o3xrw',1,'2023-06-02 23:09:10',0),
(1780,NULL,41,'o3xrw',1,'2023-06-02 23:09:11',0),
(1781,NULL,41,'o3xrw',1,'2023-06-02 23:09:16',0),
(1782,NULL,41,'o3xrw',1,'2023-06-02 23:09:17',0),
(1783,NULL,41,'o3xrw',1,'2023-06-02 23:09:17',0),
(1784,NULL,41,'o3xrw',1,'2023-06-02 23:09:17',0),
(1785,NULL,41,'o3xrw',1,'2023-06-02 23:09:18',0),
(1786,NULL,41,'o3xrw',1,'2023-06-02 23:09:18',0),
(1787,NULL,41,'o3xrw',1,'2023-06-02 23:09:18',0),
(1788,NULL,41,'o3xrw',1,'2023-06-02 23:11:51',0),
(1789,NULL,41,'o3xrw',1,'2023-06-02 23:11:58',0),
(1790,NULL,41,'o3xrw',1,'2023-06-02 23:12:10',0),
(1791,NULL,41,'o3xrw',1,'2023-06-02 23:12:16',0),
(1792,NULL,41,'o3xrw',1,'2023-06-02 23:12:18',0),
(1793,NULL,41,'o3xrw',1,'2023-06-02 23:12:22',0),
(1794,NULL,41,'o3xrw',2,'2023-06-02 23:15:18',0),
(1795,NULL,41,'o3xrw',1,'2023-06-02 23:15:20',0),
(1796,NULL,41,'o3xrw',1,'2023-06-02 23:15:36',0),
(1797,NULL,41,'o3xrw',1,'2023-06-02 23:15:45',0),
(1798,NULL,41,'o3xrw',1,'2023-06-02 23:16:06',0),
(1799,NULL,41,'o3xrw',1,'2023-06-02 23:16:09',0),
(1800,NULL,41,'o3xrw',1,'2023-06-02 23:17:04',0),
(1801,NULL,41,'o3xrw',1,'2023-06-02 23:17:04',0),
(1802,NULL,41,'o3xrw',1,'2023-06-02 23:17:21',0),
(1803,NULL,41,'o3xrw',1,'2023-06-02 23:17:22',0),
(1804,NULL,41,'o3xrw',1,'2023-06-02 23:17:30',0),
(1805,NULL,41,'o3xrw',1,'2023-06-02 23:17:56',0),
(1806,NULL,41,'o3xrw',1,'2023-06-02 23:17:57',0),
(1807,NULL,41,'o3xrw',1,'2023-06-02 23:17:58',0),
(1808,NULL,41,'o3xrw',1,'2023-06-02 23:17:58',0),
(1809,NULL,41,'o3xrw',1,'2023-06-02 23:17:59',0),
(1810,NULL,41,'o3xrw',1,'2023-06-02 23:17:59',0),
(1811,NULL,41,'o3xrw',1,'2023-06-02 23:18:40',0),
(1812,NULL,41,'o3xrw',1,'2023-06-02 23:18:40',0),
(1813,NULL,41,'o3xrw',1,'2023-06-02 23:18:50',0),
(1814,NULL,41,'o3xrw',1,'2023-06-02 23:18:50',0),
(1815,NULL,41,'o3xrw',1,'2023-06-02 23:18:59',0),
(1816,NULL,41,'o3xrw',1,'2023-06-02 23:18:59',0),
(1817,NULL,41,'o3xrw',1,'2023-06-02 23:19:09',0),
(1818,NULL,41,'o3xrw',1,'2023-06-02 23:19:09',0),
(1819,NULL,41,'o3xrw',1,'2023-06-02 23:19:26',0),
(1820,NULL,41,'o3xrw',1,'2023-06-02 23:19:52',0),
(1821,NULL,41,'o3xrw',1,'2023-06-02 23:19:52',0),
(1822,NULL,41,'o3xrw',1,'2023-06-02 23:20:10',0),
(1823,NULL,41,'o3xrw',1,'2023-06-02 23:20:11',0),
(1824,NULL,41,'o3xrw',1,'2023-06-02 23:20:18',0),
(1825,NULL,41,'o3xrw',1,'2023-06-02 23:20:28',0),
(1826,NULL,41,'o3xrw',1,'2023-06-02 23:20:33',0),
(1827,NULL,30,'o3xrw',0,'2023-06-02 23:31:25',0),
(1828,NULL,30,'o3xrw',0,'2023-06-02 23:31:31',0),
(1829,NULL,30,'o3xrw',2,'2023-06-02 23:31:48',0),
(1830,NULL,30,'o3xrw',3,'2023-06-02 23:31:49',0),
(1831,NULL,30,'o3xrw',2,'2023-06-02 23:31:50',0),
(1832,NULL,30,'o3xrw',1,'2023-06-02 23:31:52',0),
(1833,NULL,30,'o3xrw',1,'2023-06-02 23:41:07',0),
(1834,NULL,30,'o3xrw',1,'2023-06-02 23:41:07',0),
(1835,NULL,41,'o3xrw',1,'2023-06-02 23:41:15',0),
(1836,NULL,41,'o3xrw',1,'2023-06-02 23:41:15',0),
(1837,NULL,41,'o3xrw',1,'2023-06-02 23:41:16',0),
(1838,NULL,41,'o3xrw',1,'2023-06-02 23:41:17',0),
(1839,NULL,41,'o3xrw',1,'2023-06-02 23:42:21',0),
(1840,NULL,41,'o3xrw',1,'2023-06-02 23:42:22',0),
(1841,NULL,30,'o3xrw',1,'2023-06-02 23:42:23',0),
(1842,NULL,30,'o3xrw',1,'2023-06-02 23:42:24',0),
(1843,NULL,30,'o3xrw',1,'2023-06-02 23:47:13',0),
(1844,NULL,30,'o3xrw',1,'2023-06-02 23:47:13',0),
(1845,NULL,41,'o3xrw',1,'2023-06-02 23:47:23',0),
(1846,NULL,41,'o3xrw',1,'2023-06-02 23:47:23',0),
(1847,NULL,41,'o3xrw',1,'2023-06-02 23:55:42',0),
(1848,NULL,30,'o3xrw',1,'2023-06-02 23:55:49',0),
(1849,NULL,41,'o3xrw',2,'2023-06-02 23:56:10',0),
(1850,NULL,41,'o3xrw',2,'2023-06-02 23:56:29',0),
(1851,NULL,41,'o3xrw',2,'2023-06-02 23:56:34',0),
(1852,NULL,41,'o3xrw',2,'2023-06-02 23:56:36',0),
(1853,NULL,41,'o3xrw',2,'2023-06-02 23:56:37',0),
(1854,NULL,41,'o3xrw',2,'2023-06-02 23:56:37',0),
(1855,NULL,41,'o3xrw',2,'2023-06-02 23:56:37',0),
(1856,NULL,41,'o3xrw',2,'2023-06-02 23:56:37',0),
(1857,NULL,41,'o3xrw',2,'2023-06-02 23:56:37',0),
(1858,NULL,41,'o3xrw',2,'2023-06-02 23:56:47',0),
(1859,NULL,41,'o3xrw',2,'2023-06-02 23:56:52',0),
(1860,NULL,41,'o3xrw',2,'2023-06-03 00:09:34',0),
(1861,NULL,41,'o3xrw',2,'2023-06-03 00:09:35',0),
(1862,NULL,41,'o3xrw',2,'2023-06-03 00:09:35',0),
(1863,NULL,41,'o3xrw',2,'2023-06-03 00:09:35',0),
(1864,NULL,41,'o3xrw',2,'2023-06-03 00:09:36',0),
(1865,NULL,41,'o3xrw',2,'2023-06-03 00:09:36',0),
(1866,NULL,41,'o3xrw',2,'2023-06-03 00:09:36',0),
(1867,NULL,41,'o3xrw',2,'2023-06-03 00:09:36',0),
(1868,NULL,41,'o3xrw',2,'2023-06-03 00:09:36',0),
(1869,NULL,41,'o3xrw',2,'2023-06-03 00:09:38',0),
(1870,NULL,41,'o3xrw',2,'2023-06-03 00:09:39',0),
(1871,NULL,41,'o3xrw',2,'2023-06-03 00:09:39',0),
(1872,NULL,41,'o3xrw',2,'2023-06-03 00:09:39',0),
(1873,NULL,41,'o3xrw',2,'2023-06-03 00:09:39',0),
(1874,NULL,41,'o3xrw',2,'2023-06-03 00:09:39',0),
(1875,NULL,41,'o3xrw',2,'2023-06-03 00:09:40',0),
(1876,NULL,41,'o3xrw',2,'2023-06-03 00:09:40',0),
(1877,NULL,41,'o3xrw',2,'2023-06-03 00:09:41',0),
(1878,NULL,41,'o3xrw',2,'2023-06-03 00:09:41',0),
(1879,NULL,41,'o3xrw',2,'2023-06-03 00:09:41',0),
(1880,NULL,41,'o3xrw',2,'2023-06-03 00:09:43',0),
(1881,NULL,41,'o3xrw',2,'2023-06-03 00:09:52',0),
(1882,NULL,41,'o3xrw',2,'2023-06-03 05:38:30',0),
(1883,NULL,41,'o3xrw',1,'2023-06-03 05:38:35',0),
(1884,NULL,41,'o3xrw',1,'2023-06-03 05:38:36',0),
(1885,NULL,41,'o3xrw',1,'2023-06-03 05:38:44',0),
(1886,NULL,41,'o3xrw',1,'2023-06-03 05:38:46',0),
(1887,NULL,41,'o3xrw',1,'2023-06-03 05:38:47',0),
(1888,NULL,41,'o3xrw',2,'2023-06-03 05:39:24',0),
(1889,NULL,41,'o3xrw',1,'2023-06-03 05:39:25',0),
(1890,NULL,41,'o3xrw',1,'2023-06-03 05:39:26',0),
(1891,NULL,41,'o3xrw',1,'2023-06-03 05:39:26',0),
(1892,NULL,41,'o3xrw',1,'2023-06-03 05:39:27',0),
(1893,NULL,41,'o3xrw',1,'2023-06-03 05:39:27',0),
(1894,NULL,41,'o3xrw',1,'2023-06-03 05:39:28',0),
(1895,NULL,41,'o3xrw',1,'2023-06-03 05:39:28',0),
(1896,NULL,41,'o3xrw',0,'2023-06-03 05:39:48',0),
(1897,NULL,41,'o3xrw',0,'2023-06-03 05:39:49',0),
(1898,NULL,30,'o3xrw',0,'2023-06-03 05:41:53',0),
(1899,NULL,30,'o3xrw',0,'2023-06-03 05:41:53',0),
(1900,NULL,30,'o3xrw',2,'2023-06-03 05:42:07',0),
(1901,NULL,30,'o3xrw',1,'2023-06-03 05:42:09',0),
(1902,NULL,30,'o3xrw',1,'2023-06-03 05:42:13',0),
(1903,NULL,30,'o3xrw',1,'2023-06-03 05:42:13',0),
(1904,NULL,30,'o3xrw',1,'2023-06-03 05:42:14',0),
(1905,NULL,30,'o3xrw',1,'2023-06-03 05:42:14',0),
(1906,NULL,41,'o3xrw',0,'2023-06-03 05:42:36',0),
(1907,NULL,41,'o3xrw',0,'2023-06-03 05:42:36',0),
(1908,NULL,41,'o3xrw',0,'2023-06-03 05:44:05',0),
(1909,NULL,41,'o3xrw',0,'2023-06-03 05:44:06',0),
(1910,NULL,41,'o3xrw',0,'2023-06-03 05:45:37',0),
(1911,NULL,41,'o3xrw',0,'2023-06-03 05:45:37',0),
(1912,NULL,41,'o3xrw',0,'2023-06-03 06:49:44',0),
(1913,'855-656',30,'o3xrw',0,'2023-06-03 06:50:35',51),
(1914,'855-656',30,'o3xrw',0,'2023-06-03 06:51:12',662),
(1915,'855-656',30,'o3xrw',0,'2023-06-03 06:51:26',785),
(1916,'855-656',30,'o3xrw',0,'2023-06-03 06:53:19',0),
(1917,'855-656',30,'o3xrw',0,'2023-06-03 06:53:20',0),
(1918,'855-656',30,'o3xrw',0,'2023-06-03 07:02:14',0),
(1919,'855-656',41,'o3xrw',0,'2023-06-03 07:02:24',182),
(1920,'855-656',41,'o3xrw',0,'2023-06-03 07:02:47',159),
(1921,'855-656',30,'o3xrw',0,'2023-06-03 07:02:55',96),
(1922,'855-656',30,'o3xrw',0,'2023-06-03 07:04:31',0),
(1923,'855-656',30,'o3xrw',0,'2023-06-03 07:04:32',3),
(1924,'855-656',30,'o3xrw',0,'2023-06-03 07:04:35',0),
(1925,'855-656',30,'o3xrw',0,'2023-06-03 07:04:35',105),
(1926,'855-656',41,'o3xrw',0,'2023-06-03 07:05:27',0),
(1927,'855-656',41,'o3xrw',0,'2023-06-03 07:05:27',52),
(1928,'855-656',41,'o3xrw',0,'2023-06-03 07:06:19',0),
(1929,'855-656',41,'o3xrw',0,'2023-06-03 07:06:20',1),
(1930,'855-656',41,'o3xrw',0,'2023-06-03 07:06:21',0),
(1931,'855-656',41,'o3xrw',0,'2023-06-03 07:06:21',0),
(1932,'855-656',41,'o3xrw',0,'2023-06-03 07:06:21',0),
(1933,'855-656',41,'o3xrw',0,'2023-06-03 07:06:21',0),
(1934,'855-656',41,'o3xrw',0,'2023-06-03 07:06:22',0),
(1935,'855-656',41,'o3xrw',0,'2023-06-03 07:06:22',15),
(1936,'855-656',30,'o3xrw',0,'2023-06-03 07:06:24',0),
(1937,'855-656',30,'o3xrw',0,'2023-06-03 07:06:24',1),
(1938,'855-656',30,'o3xrw',0,'2023-06-03 07:06:25',0),
(1939,'855-656',30,'o3xrw',0,'2023-06-03 07:06:25',1),
(1940,'855-656',30,'o3xrw',0,'2023-06-03 07:06:26',0),
(1941,'855-656',30,'o3xrw',0,'2023-06-03 07:06:27',521),
(1942,'855-656',41,'o3xrw',0,'2023-06-03 07:06:37',0),
(1943,'855-656',41,'o3xrw',0,'2023-06-03 07:06:38',1),
(1944,'855-656',41,'o3xrw',0,'2023-06-03 07:06:39',0),
(1945,'855-656',41,'o3xrw',0,'2023-06-03 07:06:39',292),
(1946,'855-656',41,'o3xrw',0,'2023-06-03 07:11:31',0),
(1947,'855-656',41,'o3xrw',0,'2023-06-03 07:11:31',22),
(1948,'855-656',41,'o3xrw',0,'2023-06-03 07:11:53',0),
(1949,'855-656',41,'o3xrw',0,'2023-06-03 07:11:54',6),
(1950,'855-656',41,'o3xrw',0,'2023-06-03 07:11:59',0),
(1951,'855-656',41,'o3xrw',0,'2023-06-03 07:12:00',10),
(1952,'855-656',41,'o3xrw',0,'2023-06-03 07:12:13',0),
(1953,'855-656',41,'o3xrw',0,'2023-06-03 07:12:14',126),
(1954,'855-656',41,'o3xrw',0,'2023-06-03 07:14:20',30),
(1955,'855-656',41,'o3xrw',0,'2023-06-03 07:14:26',24),
(1956,'855-656',41,'o3xrw',0,'2023-06-03 07:14:50',0),
(1957,'855-656',41,'o3xrw',0,'2023-06-03 07:14:50',10),
(1958,'855-656',41,'o3xrw',0,'2023-06-03 07:15:01',0),
(1959,'855-656',41,'o3xrw',0,'2023-06-03 07:15:01',28),
(1960,'855-656',30,'o3xrw',0,'2023-06-03 07:15:08',0),
(1961,'855-656',30,'o3xrw',0,'2023-06-03 07:15:08',3),
(1962,'855-656',30,'o3xrw',0,'2023-06-03 07:15:12',0),
(1963,'855-656',30,'o3xrw',0,'2023-06-03 07:15:12',5),
(1964,'855-656',30,'o3xrw',0,'2023-06-03 07:15:20',0),
(1965,'855-656',30,'o3xrw',0,'2023-06-03 07:15:20',671),
(1966,'855-656',41,'o3xrw',0,'2023-06-03 07:15:29',0),
(1967,'855-656',41,'o3xrw',0,'2023-06-03 07:15:30',181),
(1968,'855-656',41,'o3xrw',0,'2023-06-03 07:18:31',0),
(1969,'855-656',41,'o3xrw',0,'2023-06-03 07:18:31',247),
(1970,'855-656',41,'o3xrw',0,'2023-06-03 07:22:38',0),
(1971,'855-656',41,'o3xrw',0,'2023-06-03 07:22:39',12),
(1972,'855-656',41,'o3xrw',0,'2023-06-03 07:22:51',0),
(1973,'855-656',41,'o3xrw',0,'2023-06-03 07:22:51',10),
(1974,'855-656',41,'o3xrw',0,'2023-06-03 07:23:01',0),
(1975,'855-656',41,'o3xrw',0,'2023-06-03 07:23:01',191),
(1976,'855-656',41,'o3xrw',0,'2023-06-03 07:26:13',0),
(1977,'855-656',41,'o3xrw',0,'2023-06-03 07:26:14',286),
(1978,'855-656',30,'o3xrw',0,'2023-06-03 07:26:31',0),
(1979,'855-656',30,'o3xrw',0,'2023-06-03 07:26:32',6),
(1980,'855-656',30,'o3xrw',0,'2023-06-03 07:26:37',0),
(1981,'855-656',30,'o3xrw',0,'2023-06-03 07:26:38',258),
(1982,'855-656',30,'o3xrw',0,'2023-06-03 07:30:56',8226),
(1983,'855-656',41,'o3xrw',0,'2023-06-03 07:30:59',83),
(1984,'855-656',41,'o3xrw',0,'2023-06-03 07:32:22',0),
(1985,'855-656',30,'o3xrw',0,'2023-06-03 09:48:02',43),
(1986,'855-656',30,'o3xrw',0,'2023-06-03 09:48:04',40),
(1987,'855-656',41,'o3xrw',0,'2023-06-03 09:48:07',1),
(1988,'855-656',41,'o3xrw',0,'2023-06-03 09:48:07',2),
(1989,'855-656',41,'o3xrw',0,'2023-06-03 09:48:09',1),
(1990,'855-656',41,'o3xrw',0,'2023-06-03 09:48:10',0),
(1991,'855-656',41,'o3xrw',0,'2023-06-03 09:48:10',24),
(1992,'855-656',41,'o3xrw',0,'2023-06-03 09:48:34',0),
(1993,'855-656',41,'o3xrw',0,'2023-06-03 09:48:34',1),
(1994,'855-656',41,'o3xrw',0,'2023-06-03 09:48:36',0),
(1995,'855-656',41,'o3xrw',0,'2023-06-03 09:48:36',0),
(1996,'855-656',41,'o3xrw',0,'2023-06-03 09:48:36',0),
(1997,'855-656',41,'o3xrw',0,'2023-06-03 09:48:36',1),
(1998,'855-656',41,'o3xrw',0,'2023-06-03 09:48:38',0),
(1999,'855-656',41,'o3xrw',0,'2023-06-03 09:48:38',66),
(2000,'855-656',30,'o3xrw',0,'2023-06-03 09:48:45',0),
(2001,'855-656',30,'o3xrw',0,'2023-06-03 09:48:45',49),
(2002,'855-656',30,'o3xrw',0,'2023-06-03 09:49:35',0),
(2003,'855-656',30,'o3xrw',0,'2023-06-03 09:49:35',0),
(2004,'855-656',41,'o3xrw',0,'2023-06-03 09:49:44',0),
(2005,'855-656',41,'o3xrw',0,'2023-06-03 09:49:45',18),
(2006,'855-656',41,'o3xrw',0,'2023-06-03 09:50:03',0),
(2007,'855-656',41,'o3xrw',0,'2023-06-03 09:50:03',11),
(2008,'855-656',41,'o3xrw',0,'2023-06-03 09:50:14',0),
(2009,'855-656',41,'o3xrw',0,'2023-06-03 09:50:14',0),
(2010,'855-656',30,'o3xrw',0,'2023-06-03 13:11:14',0),
(2011,'855-656',30,'o3xrw',0,'2023-06-03 16:13:06',0),
(2012,'855-656',30,'o3xrw',0,'2023-06-03 23:22:32',0),
(2013,'855-656',41,'o3xrw',0,'2023-06-03 23:22:34',0),
(2014,NULL,41,'o3xrw',0,'2023-06-04 07:08:56',0),
(2015,NULL,41,'o3xrw',2,'2023-06-04 07:09:21',0),
(2016,NULL,41,'o3xrw',1,'2023-06-04 07:09:23',0),
(2017,NULL,30,'o3xrw',0,'2023-06-04 07:11:38',0),
(2018,NULL,30,'o3xrw',0,'2023-06-04 07:13:48',0),
(2019,NULL,30,'o3xrw',0,'2023-06-04 07:13:49',0),
(2020,NULL,30,'o3xrw',0,'2023-06-04 07:13:49',0),
(2021,NULL,30,'o3xrw',0,'2023-06-04 07:13:49',0),
(2022,NULL,30,'o3xrw',0,'2023-06-04 07:13:50',0),
(2023,NULL,41,'o3xrw',1,'2023-06-04 11:20:01',0),
(2024,NULL,41,'o3xrw',1,'2023-06-04 11:20:03',0),
(2025,NULL,41,'o3xrw',1,'2023-06-04 11:22:21',0),
(2026,NULL,41,'o3xrw',1,'2023-06-04 11:22:23',0),
(2027,NULL,41,'o3xrw',1,'2023-06-04 11:22:48',0),
(2028,NULL,41,'o3xrw',1,'2023-06-04 11:22:54',0),
(2029,NULL,41,'o3xrw',1,'2023-06-04 11:22:57',0),
(2030,NULL,41,'o3xrw',1,'2023-06-04 11:22:58',0),
(2031,NULL,41,'o3xrw',1,'2023-06-04 11:22:58',0),
(2032,NULL,41,'o3xrw',1,'2023-06-04 11:23:50',0),
(2033,NULL,41,'o3xrw',1,'2023-06-04 11:24:20',0),
(2034,NULL,41,'o3xrw',1,'2023-06-04 11:24:21',0),
(2035,NULL,41,'o3xrw',1,'2023-06-04 11:24:21',0),
(2036,NULL,41,'o3xrw',1,'2023-06-04 11:24:21',0),
(2037,NULL,41,'o3xrw',1,'2023-06-04 11:24:21',0),
(2038,NULL,41,'o3xrw',1,'2023-06-04 11:24:21',0),
(2039,NULL,41,'o3xrw',1,'2023-06-04 11:24:22',0),
(2040,NULL,41,'o3xrw',1,'2023-06-04 11:24:22',0),
(2041,NULL,41,'o3xrw',1,'2023-06-04 11:24:22',0),
(2042,NULL,41,'o3xrw',1,'2023-06-04 11:24:22',0),
(2043,NULL,41,'o3xrw',1,'2023-06-04 11:24:22',0),
(2044,NULL,41,'o3xrw',1,'2023-06-04 11:24:23',0),
(2045,NULL,41,'o3xrw',1,'2023-06-04 11:24:23',0),
(2046,NULL,41,'o3xrw',1,'2023-06-04 11:24:23',0),
(2047,NULL,41,'o3xrw',1,'2023-06-04 11:24:48',0),
(2048,NULL,41,'o3xrw',1,'2023-06-04 11:25:02',0),
(2049,NULL,41,'o3xrw',1,'2023-06-04 11:25:02',0),
(2050,NULL,41,'o3xrw',1,'2023-06-04 11:25:02',0),
(2051,NULL,41,'o3xrw',1,'2023-06-04 11:25:03',0),
(2052,NULL,41,'o3xrw',1,'2023-06-04 11:25:03',0),
(2053,NULL,41,'o3xrw',1,'2023-06-04 11:25:03',0),
(2054,NULL,41,'o3xrw',1,'2023-06-04 11:25:06',0),
(2055,NULL,41,'o3xrw',1,'2023-06-04 11:25:26',0),
(2056,NULL,41,'o3xrw',1,'2023-06-04 11:25:29',0),
(2057,NULL,41,'o3xrw',1,'2023-06-04 11:25:40',0),
(2058,NULL,30,'o3xrw',0,'2023-06-05 08:06:21',0),
(2059,NULL,30,'o3xrw',2,'2023-06-05 08:06:31',0),
(2060,NULL,30,'o3xrw',1,'2023-06-05 08:06:33',0),
(2061,NULL,30,'o3xrw',0,'2023-06-05 08:06:38',0),
(2062,NULL,30,'o3xrw',1,'2023-06-05 11:13:54',0),
(2063,NULL,41,'o3xrw',0,'2023-06-05 11:14:24',0),
(2064,NULL,30,'o3xrw',0,'2023-06-05 11:15:15',0),
(2065,NULL,30,'o3xrw',0,'2023-06-05 12:37:00',0),
(2066,NULL,30,'o3xrw',0,'2023-06-05 14:22:41',0),
(2067,NULL,30,'o3xrw',0,'2023-06-05 14:22:54',0),
(2068,NULL,30,'o3xrw',0,'2023-06-05 14:28:49',0),
(2069,NULL,30,'o3xrw',0,'2023-06-05 14:56:54',0),
(2070,NULL,30,'o3xrw',0,'2023-06-05 15:13:36',0),
(2071,NULL,30,'o3xrw',0,'2023-06-06 03:49:37',0),
(2072,NULL,30,'o3xrw',0,'2023-06-06 04:14:38',0),
(2073,NULL,30,'o3xrw',0,'2023-06-06 04:14:38',0),
(2074,NULL,30,'o3xrw',0,'2023-06-06 04:15:27',0),
(2075,NULL,30,'o3xrw',0,'2023-06-06 04:15:29',0),
(2076,NULL,30,'o3xrw',0,'2023-06-06 04:18:09',0),
(2077,NULL,30,'o3xrw',0,'2023-06-06 04:18:11',0),
(2078,NULL,30,'o3xrw',0,'2023-06-06 04:18:13',0),
(2079,NULL,30,'o3xrw',0,'2023-06-06 04:18:13',0),
(2080,NULL,30,'o3xrw',0,'2023-06-06 04:23:01',0),
(2081,NULL,30,'o3xrw',0,'2023-06-06 04:23:10',0),
(2082,NULL,30,'o3xrw',0,'2023-06-06 04:23:58',0),
(2083,NULL,30,'o3xrw',0,'2023-06-06 04:24:08',0),
(2084,NULL,30,'o3xrw',0,'2023-06-06 04:25:13',0),
(2085,NULL,30,'o3xrw',0,'2023-06-06 04:25:13',0),
(2086,NULL,30,'o3xrw',0,'2023-06-06 04:30:33',0),
(2087,NULL,30,'o3xrw',0,'2023-06-06 04:30:37',0),
(2088,NULL,30,'o3xrw',0,'2023-06-06 06:35:17',0),
(2089,NULL,30,'o3xrw',0,'2023-06-06 06:35:59',0),
(2090,NULL,30,'o3xrw',0,'2023-06-06 06:37:24',0),
(2091,NULL,30,'o3xrw',0,'2023-06-06 06:37:25',0),
(2092,NULL,30,'o3xrw',0,'2023-06-06 06:37:42',0),
(2093,NULL,30,'o3xrw',0,'2023-06-06 06:37:42',0),
(2094,NULL,30,'o3xrw',0,'2023-06-06 06:38:16',0),
(2095,NULL,30,'o3xrw',0,'2023-06-06 06:38:16',0),
(2096,NULL,30,'o3xrw',0,'2023-06-06 06:39:22',0),
(2097,NULL,30,'o3xrw',0,'2023-06-06 06:39:22',0),
(2098,NULL,30,'o3xrw',0,'2023-06-06 06:39:35',0),
(2099,NULL,30,'o3xrw',0,'2023-06-06 06:39:35',0),
(2100,NULL,30,'o3xrw',0,'2023-06-06 06:39:55',0),
(2101,NULL,30,'o3xrw',0,'2023-06-06 06:39:56',0),
(2102,NULL,41,'o3xrw',0,'2023-06-06 10:20:13',0),
(2103,NULL,41,'o3xrw',0,'2023-06-06 10:20:16',0),
(2104,NULL,41,'o3xrw',0,'2023-06-06 10:20:48',0),
(2105,NULL,41,'o3xrw',0,'2023-06-06 10:20:48',0),
(2106,NULL,41,'o3xrw',0,'2023-06-06 10:20:51',0),
(2107,NULL,41,'o3xrw',0,'2023-06-06 10:20:51',0),
(2108,NULL,41,'o3xrw',0,'2023-06-07 13:48:27',0),
(2109,NULL,41,'o3xrw',0,'2023-06-09 05:32:27',0),
(2110,NULL,41,'o3xrw',0,'2023-06-09 05:32:35',0),
(2111,NULL,41,'o3xrw',0,'2023-06-09 05:34:14',0),
(2112,NULL,41,'o3xrw',0,'2023-06-09 05:36:11',0),
(2113,NULL,41,'o3xrw',0,'2023-06-09 05:36:27',0),
(2114,NULL,41,'o3xrw',0,'2023-06-09 05:37:10',0),
(2115,NULL,41,'o3xrw',0,'2023-06-09 05:47:25',0),
(2116,NULL,41,'o3xrw',2,'2023-06-09 07:12:42',0),
(2117,NULL,41,'o3xrw',1,'2023-06-09 07:12:49',0),
(2118,NULL,41,'o3xrw',1,'2023-06-09 08:18:06',0),
(2119,NULL,41,'o3xrw',1,'2023-06-09 13:20:41',0),
(2120,NULL,41,'o3xrw',1,'2023-06-10 00:41:36',0),
(2121,NULL,88,'o3xrw',0,'2023-06-10 07:44:02',0),
(2122,NULL,88,'o3xrw',0,'2023-06-10 10:46:53',0),
(2123,NULL,88,'o3xrw',0,'2023-07-02 00:29:55',0),
(2124,NULL,30,'o3xrw',0,'2023-07-02 00:30:03',0),
(2125,NULL,30,'o3xrw',3,'2023-07-02 00:30:07',0),
(2126,NULL,30,'o3xrw',2,'2023-07-02 00:30:10',0),
(2127,NULL,30,'o3xrw',1,'2023-07-02 00:30:11',0),
(2128,'i9fg',122,'ooo',0,'2023-07-20 10:10:26',NULL),
(2129,'b6qi',124,'test',0,'2023-07-20 11:32:14',2),
(2130,'b6qi',124,'test',2,'2023-07-20 11:32:17',3),
(2131,'b6qi',124,'test',3,'2023-07-20 11:32:19',1),
(2132,'b6qi',124,'test',4,'2023-07-20 11:32:20',1325),
(2133,'b6qi',124,'test',3,'2023-07-20 11:54:25',1),
(2134,'b6qi',124,'test',4,'2023-07-20 11:54:26',1),
(2135,'b6qi',124,'test',5,'2023-07-20 11:54:27',2),
(2136,'b6qi',124,'test',6,'2023-07-20 11:54:29',2),
(2137,'b6qi',124,'test',7,'2023-07-20 11:54:31',4),
(2138,'i9fg',122,'ooo',0,'2023-07-20 21:33:50',NULL),
(2174,NULL,123,'ooo',0,'2023-07-24 16:07:47',NULL),
(2175,NULL,123,'ooo',2,'2023-07-24 16:07:52',NULL),
(2176,NULL,123,'ooo',3,'2023-07-24 16:07:54',NULL),
(2177,NULL,123,'ooo',4,'2023-07-24 16:07:57',NULL),
(2178,NULL,123,'ooo',5,'2023-07-24 16:07:59',NULL),
(2179,NULL,123,'ooo',6,'2023-07-24 16:08:05',NULL),
(2180,NULL,123,'ooo',7,'2023-07-24 16:08:09',NULL),
(2181,NULL,123,'ooo',8,'2023-07-24 16:08:12',NULL),
(2182,NULL,123,'ooo',9,'2023-07-24 16:08:13',NULL),
(2183,NULL,123,'ooo',10,'2023-07-24 16:08:15',NULL),
(2184,NULL,123,'ooo',11,'2023-07-24 16:08:17',NULL),
(2185,NULL,123,'ooo',12,'2023-07-24 16:08:21',NULL),
(2186,NULL,123,'ooo',13,'2023-07-24 16:08:24',NULL),
(2187,NULL,123,'ooo',14,'2023-07-24 16:08:26',NULL),
(2188,NULL,123,'ooo',15,'2023-07-24 16:08:29',NULL),
(2189,NULL,123,'ooo',14,'2023-07-24 16:08:36',NULL),
(2190,NULL,123,'ooo',13,'2023-07-24 16:08:38',NULL),
(2191,NULL,123,'ooo',12,'2023-07-24 16:08:40',NULL),
(2192,NULL,123,'ooo',11,'2023-07-24 16:08:42',NULL),
(2193,NULL,123,'ooo',10,'2023-07-24 16:08:43',NULL),
(2194,NULL,123,'ooo',9,'2023-07-24 16:08:44',NULL),
(2195,NULL,123,'ooo',8,'2023-07-24 16:08:45',NULL),
(2196,NULL,123,'ooo',7,'2023-07-24 16:08:46',NULL),
(2197,NULL,123,'ooo',6,'2023-07-24 16:08:53',NULL),
(2198,NULL,123,'ooo',5,'2023-07-24 16:08:58',NULL),
(2199,NULL,123,'ooo',4,'2023-07-24 16:09:01',NULL),
(2200,NULL,123,'ooo',5,'2023-07-24 16:09:05',NULL),
(2203,'rj3z',123,'ooo',0,'2023-07-25 16:46:06',3),
(2204,'rj3z',123,'ooo',2,'2023-07-25 16:46:10',NULL),
(2205,'iqx9',123,'ooo',0,'2023-07-25 16:53:48',1),
(2206,NULL,30,'o3xrw',0,'2023-07-25 21:01:32',NULL),
(2207,NULL,30,'o3xrw',2,'2023-07-25 21:01:48',NULL),
(2208,NULL,30,'o3xrw',3,'2023-07-25 21:02:00',NULL),
(2209,NULL,123,'ooo',0,'2023-07-25 21:06:39',NULL),
(2210,NULL,123,'ooo',2,'2023-07-25 21:06:41',NULL),
(2211,NULL,123,'ooo',3,'2023-07-25 21:06:44',NULL),
(2212,NULL,123,'ooo',4,'2023-07-25 21:06:46',NULL),
(2213,NULL,123,'ooo',5,'2023-07-25 21:06:47',NULL),
(2214,NULL,123,'ooo',6,'2023-07-25 21:06:48',NULL),
(2215,NULL,123,'ooo',7,'2023-07-25 21:06:50',NULL),
(2216,NULL,123,'ooo',8,'2023-07-25 21:06:51',NULL),
(2217,NULL,123,'ooo',9,'2023-07-25 21:06:52',NULL),
(2218,NULL,123,'ooo',10,'2023-07-25 21:06:54',NULL),
(2219,NULL,123,'ooo',11,'2023-07-25 21:06:55',NULL),
(2220,NULL,123,'ooo',12,'2023-07-25 21:06:57',NULL),
(2221,NULL,123,'ooo',13,'2023-07-25 21:06:59',NULL),
(2222,NULL,123,'ooo',14,'2023-07-25 21:07:00',NULL),
(2223,NULL,123,'ooo',15,'2023-07-25 21:07:01',NULL),
(2224,NULL,123,'ooo',14,'2023-07-25 21:22:34',NULL),
(2225,NULL,123,'ooo',0,'2023-07-25 21:23:37',NULL),
(2226,NULL,123,'ooo',0,'2023-07-25 21:23:55',NULL),
(2227,NULL,123,'ooo',2,'2023-07-25 21:23:58',NULL),
(2228,NULL,123,'ooo',3,'2023-07-25 21:24:00',NULL),
(2229,NULL,123,'ooo',2,'2023-07-25 21:24:02',NULL),
(2230,NULL,123,'ooo',3,'2023-07-25 21:24:04',NULL),
(2231,NULL,123,'ooo',4,'2023-07-25 21:24:06',NULL),
(2232,'vm1k',123,'ooo',0,'2023-07-26 09:17:04',4),
(2233,'p5q0',129,'ooo',0,'2023-07-26 09:17:37',NULL),
(2234,'p5q0',129,'ooo',0,'2023-07-26 10:27:32',4),
(2235,'iqx9',123,'ooo',0,'2023-07-27 08:19:49',3),
(2236,'iqx9',123,'ooo',2,'2023-07-27 08:19:52',NULL),
(2280,'i9fg',123,'ooo',0,'2023-08-01 17:08:27',NULL),
(2299,NULL,41,'o3xrw',0,'2023-08-05 01:14:18',NULL),
(2301,NULL,41,'o3xrw',0,'2023-08-05 01:15:21',NULL),
(2376,'174l',135,'ooo',0,'2023-08-23 13:40:06',NULL),
(2377,'174l',129,'ooo',0,'2023-08-23 13:40:33',NULL),
(2378,NULL,135,'ooo',0,'2023-08-23 15:29:27',NULL),
(2379,NULL,123,'ooo',0,'2023-08-23 15:29:34',NULL),
(2380,'174l',129,'ooo',0,'2023-08-23 15:38:00',3),
(2381,'7mzx',137,'testtest',0,'2023-08-23 18:59:28',103),
(2382,'7mzx',137,'testtest',0,'2023-08-23 19:01:12',119),
(2383,'7mzx',137,'testtest',0,'2023-08-23 19:03:14',1),
(2384,'7mzx',137,'testtest',0,'2023-08-23 19:03:15',88),
(2385,'174l',129,'ooo',0,'2023-08-23 20:11:03',7),
(2386,'174l',123,'ooo',0,'2023-08-23 20:11:16',NULL),
(2387,'174l',123,'ooo',0,'2023-08-23 20:13:00',NULL),
(2388,'oliz',137,'testtest',0,'2023-08-23 20:14:04',1),
(2389,'174l',123,'ooo',0,'2023-08-23 20:14:10',1),
(2390,'oliz',137,'testtest',0,'2023-08-23 20:14:31',NULL),
(2391,'oliz',137,'testtest',0,'2023-08-23 20:14:56',98),
(2392,'174l',123,'ooo',0,'2023-08-23 20:15:11',NULL),
(2393,'oliz',137,'testtest',0,'2023-08-23 20:15:58',4),
(2394,'oliz',137,'testtest',0,'2023-08-23 20:16:02',NULL),
(2395,'oliz',137,'testtest',0,'2023-08-23 20:17:58',1),
(2396,'oliz',137,'testtest',0,'2023-08-23 20:18:00',1),
(2397,'oliz',137,'testtest',2,'2023-08-23 20:18:01',1),
(2398,'oliz',137,'testtest',3,'2023-08-23 20:18:02',37),
(2399,'oliz',137,'testtest',0,'2023-08-23 20:38:46',NULL),
(2400,'174l',123,'ooo',0,'2023-08-23 20:38:46',NULL),
(2401,'oliz',137,'testtest',0,'2023-08-23 20:40:27',NULL),
(2402,'oliz',137,'testtest',0,'2023-08-23 22:36:19',NULL),
(2403,'174l',123,'ooo',0,'2023-08-23 22:37:03',NULL),
(2404,'174l',123,'ooo',0,'2023-08-23 22:37:55',2),
(2405,'174l',123,'ooo',2,'2023-08-23 22:37:58',1),
(2406,'174l',123,'ooo',3,'2023-08-23 22:37:59',0),
(2407,'174l',123,'ooo',4,'2023-08-23 22:37:59',1),
(2408,'174l',123,'ooo',5,'2023-08-23 22:38:00',1),
(2409,'174l',123,'ooo',6,'2023-08-23 22:38:02',1),
(2410,'174l',123,'ooo',7,'2023-08-23 22:38:02',NULL),
(2411,'oliz',137,'testtest',0,'2023-08-23 22:59:39',NULL),
(2412,'174l',123,'ooo',0,'2023-08-23 22:59:40',NULL),
(2413,'174l',123,'ooo',0,'2023-08-23 23:29:40',1),
(2414,'174l',123,'ooo',0,'2023-08-23 23:33:02',1),
(2415,'174l',123,'ooo',0,'2023-08-23 23:33:18',2),
(2416,'174l',123,'ooo',0,'2023-08-23 23:33:22',NULL),
(2417,'174l',123,'ooo',0,'2023-08-23 23:33:41',1),
(2418,'174l',123,'ooo',0,'2023-08-23 23:33:44',17),
(2419,'174l',123,'ooo',0,'2023-08-23 23:34:03',NULL),
(2420,'174l',123,'ooo',0,'2023-08-24 01:30:01',2),
(2421,'174l',123,'ooo',0,'2023-08-24 01:30:48',2),
(2422,'174l',123,'ooo',0,'2023-08-24 01:30:51',1),
(2423,'174l',123,'ooo',0,'2023-08-24 01:30:54',NULL),
(2424,'174l',123,'ooo',0,'2023-08-24 01:31:07',NULL),
(2425,'174l',123,'ooo',0,'2023-08-24 01:31:10',1),
(2426,'174l',123,'ooo',0,'2023-08-24 01:31:15',30),
(2427,'174l',123,'ooo',0,'2023-08-24 01:31:45',1),
(2428,'174l',123,'ooo',0,'2023-08-24 01:31:49',1),
(2429,'174l',123,'ooo',0,'2023-08-24 01:31:51',12),
(2430,'174l',123,'ooo',0,'2023-08-24 01:32:03',1),
(2431,'174l',123,'ooo',0,'2023-08-24 01:32:07',1),
(2432,'174l',123,'ooo',0,'2023-08-24 01:32:08',68),
(2433,'174l',123,'ooo',0,'2023-08-24 01:33:17',1),
(2434,'174l',123,'ooo',0,'2023-08-24 01:33:20',8),
(2435,'174l',123,'ooo',0,'2023-08-24 01:33:29',1),
(2436,'174l',123,'ooo',0,'2023-08-24 01:33:34',456),
(2437,'174l',123,'ooo',0,'2023-08-24 01:41:10',1),
(2438,'174l',123,'ooo',0,'2023-08-24 01:41:19',NULL),
(2439,'174l',123,'ooo',0,'2023-08-24 01:41:44',1),
(2440,'174l',123,'ooo',0,'2023-08-24 01:41:50',NULL),
(2441,'174l',123,'ooo',0,'2023-08-24 01:41:53',1),
(2442,'174l',123,'ooo',0,'2023-08-24 01:41:56',9),
(2443,'174l',123,'ooo',0,'2023-08-24 01:42:06',1),
(2444,'174l',123,'ooo',0,'2023-08-24 01:42:09',484),
(2445,'174l',123,'ooo',0,'2023-08-24 01:50:13',1),
(2446,'174l',123,'ooo',0,'2023-08-24 08:54:32',2),
(2447,'174l',123,'ooo',0,'2023-08-24 08:54:39',NULL),
(2448,'174l',123,'ooo',0,'2023-08-24 08:58:45',NULL),
(2449,'174l',123,'ooo',2,'2023-08-24 08:58:46',1),
(2450,'174l',123,'ooo',3,'2023-08-24 08:58:47',1),
(2451,'174l',123,'ooo',4,'2023-08-24 08:58:49',NULL),
(2452,'174l',123,'ooo',7,'2023-08-24 09:04:21',3);

/*Table structure for table `user_redirects_access` */

DROP TABLE IF EXISTS `user_redirects_access`;

CREATE TABLE `user_redirects_access` (
  `access_id` int(11) NOT NULL AUTO_INCREMENT,
  `user_id` varchar(50) NOT NULL,
  `redirect_id` varchar(30) NOT NULL,
  `cid` varchar(30) NOT NULL,
  `accessed_at` timestamp NOT NULL DEFAULT current_timestamp(),
  PRIMARY KEY (`access_id`),
  KEY `user_id` (`user_id`),
  KEY `pdf_version_id` (`redirect_id`)
) ENGINE=InnoDB AUTO_INCREMENT=32 DEFAULT CHARSET=utf8 COLLATE=utf8_general_ci;

/*Data for the table `user_redirects_access` */

insert  into `user_redirects_access`(`access_id`,`user_id`,`redirect_id`,`cid`,`accessed_at`) values 
(12,'1111-1','dfdc342d','o3xrw','2023-04-08 20:43:24'),
(13,'','dfdc342d','o3xrw','2023-05-10 11:40:45'),
(14,'','dfdc342d','o3xrw','2023-05-10 11:40:52'),
(15,'','213','o3xrw','2023-05-10 11:41:05'),
(16,'5432135','123424','o3xrw','2023-05-10 11:43:48'),
(17,'32454-1','213','o3xrw','2023-05-18 00:03:09'),
(18,'32454-1','','o3xrw','2023-05-18 00:03:21'),
(19,'32454-1','eee','o3xrw','2023-05-18 00:03:41'),
(20,'99999-9','eee','o3xrw','2023-05-29 23:17:04'),
(21,'','sd234sdfasdfads','ooo','2023-07-19 18:27:08'),
(22,'b6qi','aaaaa','test','2023-07-20 11:34:30'),
(26,'','dfdc342d','o3xrw','2023-08-05 01:12:50'),
(27,'','hvfgt','ooo','2023-08-23 15:25:18'),
(28,'leby','sd234sdfasdfads','ooo','2023-08-23 15:36:34'),
(29,'leby','test','ooo','2023-08-23 15:36:52'),
(30,'leby','hvfgt','ooo','2023-08-23 15:37:05'),
(31,'174l','hvfgt','ooo','2023-08-23 15:38:14');

/*Table structure for table `users` */

DROP TABLE IF EXISTS `users`;

CREATE TABLE `users` (
  `user_id` varchar(255) NOT NULL,
  `cid` varchar(25) NOT NULL,
  `email` varchar(50) DEFAULT NULL,
  `url` varchar(100) DEFAULT NULL,
  `company` varchar(100) DEFAULT NULL,
  `surename` varchar(30) DEFAULT NULL,
  `name` varchar(30) DEFAULT NULL,
  `tel` varchar(20) DEFAULT NULL,
  `depart_name` varchar(30) DEFAULT NULL,
  `director` varchar(30) DEFAULT NULL,
  `address` varchar(30) DEFAULT NULL,
  `free_memo` text DEFAULT NULL,
  `profile_image` text DEFAULT NULL,
  `created_at` timestamp NOT NULL DEFAULT current_timestamp(),
  PRIMARY KEY (`user_id`) USING BTREE
) ENGINE=InnoDB DEFAULT CHARSET=utf8 COLLATE=utf8_general_ci;

/*Data for the table `users` */

insert  into `users`(`user_id`,`cid`,`email`,`url`,`company`,`surename`,`name`,`tel`,`depart_name`,`director`,`address`,`free_memo`,`profile_image`,`created_at`) values 
('01sj','o3xrw','rostyle95@gmail.com','https://calltree.jp/','ロイヤルパークホテル','あああ','AAA',NULL,NULL,NULL,NULL,NULL,NULL,'2023-08-18 13:45:03'),
('0cxn','o3xrw','rostyle95@gmail.com','https://rostyle.com','CodeMan','super','star',NULL,NULL,NULL,NULL,NULL,NULL,'2023-08-02 11:37:03'),
('0gih','o3xrw','grahasmin+12@gmail.com','https://el-com.biz/','イーストン','おおお','EEE',NULL,NULL,NULL,NULL,NULL,NULL,'2023-08-17 22:08:05'),
('0gt5','o3xrw','rostyle95@gmail.com','https://calltree.jp/','ロイヤルパークホテル','あああ','AAA',NULL,NULL,NULL,NULL,NULL,NULL,'2023-08-17 23:23:41'),
('0huq','o3xrw','superstar0601.dev@gmail.com','https://global-coms.biz/','カーディナル','いいい','BBB',NULL,NULL,NULL,NULL,NULL,NULL,'2023-08-18 13:40:03'),
('0ibt','o3xrw',NULL,'https://global-coms.biz/','カーディナル','いいい','BBB',NULL,NULL,NULL,NULL,NULL,NULL,'2023-08-04 18:43:35'),
('0kq2','o3xrw','mail@markemist.jp','https://calltree.jp/','ロイヤルパークホテル','あああ','AAA',NULL,NULL,NULL,NULL,NULL,NULL,'2023-08-02 11:07:11'),
('0r5z','o3xrw',NULL,'https://markemist.jp/','日本ホテル','ううう','CCC',NULL,NULL,NULL,NULL,NULL,NULL,'2023-08-04 19:07:26'),
('0u1h','o3xrw','superstar0601.dev+2@gmail.com','https://markemist.jp/','日本ホテル','ううう','CCC',NULL,NULL,NULL,NULL,NULL,NULL,'2023-08-17 22:16:49'),
('0v1w','ooo','rostyle95+99@gmail.com','','株式会社99999-9','坂本','九',NULL,NULL,NULL,NULL,NULL,NULL,'2023-08-18 14:10:02'),
('1-1114','o3xrw',NULL,'https://fanqcall.com/','','','','','',NULL,'',NULL,'https://lh3.googleusercontent.com/cm/AJSPFByMnCdY6qIH0jW3KMCBgL64riRjTR4Ddqu_I30YLknfhTL0GKiEBLFnr-wf4qCD=s100','2023-04-11 05:38:06'),
('10ty','o3xrw','info@el-com.biz','https://markemist.jp/','日本ホテル','ううう','CCC',NULL,NULL,NULL,NULL,NULL,NULL,'2023-08-01 15:55:45'),
('11-113','o3xrw',NULL,'https://markemist.jp/','','','','','',NULL,'',NULL,'https://lh3.googleusercontent.com/cm/AJSPFByMnCdY6qIH0jW3KMCBgL64riRjTR4Ddqu_I30YLknfhTL0GKiEBLFnr-wf4qCD=s100','2023-04-11 05:38:07'),
('111-12','o3xrw','','https://global-coms.biz/','','','','','',NULL,'',NULL,'https://lh3.googleusercontent.com/cm/AJSPFByMnCdY6qIH0jW3KMCBgL64riRjTR4Ddqu_I30YLknfhTL0GKiEBLFnr-wf4qCD=s100','2023-04-11 05:38:06'),
('1111-1','o3xrw','','http:aaa.com','','','','','',NULL,'',NULL,'https://lh3.googleusercontent.com/cm/AJSPFByMnCdY6qIH0jW3KMCBgL64riRjTR4Ddqu_I30YLknfhTL0GKiEBLFnr-wf4qCD=s100','2023-03-26 23:56:18'),
('1111-2','o3xrw','','','','','','','',NULL,'',NULL,'https://lh3.googleusercontent.com/cm/AJSPFByMnCdY6qIH0jW3KMCBgL64riRjTR4Ddqu_I30YLknfhTL0GKiEBLFnr-wf4qCD=s100','2023-03-26 23:56:18'),
('1111-3','o3xrw','rostyle95@gmail.com','https://rostyle.com','CodeMan','super','star','','',NULL,'',NULL,'https://lh3.googleusercontent.com/cm/AJSPFByMnCdY6qIH0jW3KMCBgL64riRjTR4Ddqu_I30YLknfhTL0GKiEBLFnr-wf4qCD=s100','2023-03-30 12:25:41'),
('1111-4','o3xrw','rostyletokyo@gmail.com',NULL,'','','','','',NULL,'',NULL,'https://lh3.googleusercontent.com/cm/AJSPFByMnCdY6qIH0jW3KMCBgL64riRjTR4Ddqu_I30YLknfhTL0GKiEBLFnr-wf4qCD=s100','2023-03-30 12:25:42'),
('11115','o3xrw',NULL,'https://el-com.biz/','','','','','',NULL,'',NULL,'https://lh3.googleusercontent.com/cm/AJSPFByMnCdY6qIH0jW3KMCBgL64riRjTR4Ddqu_I30YLknfhTL0GKiEBLFnr-wf4qCD=s100','2023-04-11 05:38:07'),
('12jc','o3xrw',NULL,'https://calltree.jp/','株式会社AAAAAAA','あああ','AAA',NULL,NULL,NULL,NULL,NULL,NULL,'2023-08-06 03:28:29'),
('132-45454','o3xrw','mail@markemist.jp','https://calltree.jp/','','','','','',NULL,'',NULL,'https://lh3.googleusercontent.com/cm/AJSPFByMnCdY6qIH0jW3KMCBgL64riRjTR4Ddqu_I30YLknfhTL0GKiEBLFnr-wf4qCD=s100','2023-04-13 12:28:14'),
('132456441','o3xrw',NULL,'https://calltree.jp/','','','','','',NULL,'',NULL,'https://lh3.googleusercontent.com/cm/AJSPFByMnCdY6qIH0jW3KMCBgL64riRjTR4Ddqu_I30YLknfhTL0GKiEBLFnr-wf4qCD=s100','2023-04-11 05:44:12'),
('174l','ooo','rostyle95+98@gmail.com','','株式会社99999-8','吉田','八',NULL,NULL,NULL,NULL,NULL,NULL,'2023-08-23 01:35:02'),
('19xi','o3xrw','superstar0601.dev@gmail.com','','株式会社99999-9','坂本','九',NULL,NULL,NULL,NULL,NULL,NULL,'2023-08-23 14:15:02'),
('1cl3','o3xrw','superstar0601.dev@gmail.com','','株式会社99999-9','坂本','九',NULL,NULL,NULL,NULL,NULL,NULL,'2023-08-23 14:10:02'),
('1idy','o3xrw','superstar0601.dev+2@gmail.com','https://markemist.jp/','日本ホテル','ううう','CCC',NULL,NULL,NULL,NULL,NULL,NULL,'2023-08-22 16:45:05'),
('1jsl','o3xrw','rostyle95@gmail.com','https://calltree.jp/','ロイヤルパークホテル','あああ','AAA',NULL,NULL,NULL,NULL,NULL,NULL,'2023-08-18 06:58:00'),
('1taj','o3xrw','superstar0601.dev+2@gmail.com','https://markemist.jp/','日本ホテル','ううう','CCC',NULL,NULL,NULL,NULL,NULL,NULL,'2023-08-17 21:22:46'),
('21-5464','o3xrw','info@el-com.biz','https://markemist.jp/','','','','','',NULL,'',NULL,'https://lh3.googleusercontent.com/cm/AJSPFByMnCdY6qIH0jW3KMCBgL64riRjTR4Ddqu_I30YLknfhTL0GKiEBLFnr-wf4qCD=s100','2023-04-13 12:28:14'),
('245123','o3xrw',NULL,'https://markemist.jp/','','','','','',NULL,'',NULL,'https://lh3.googleusercontent.com/cm/AJSPFByMnCdY6qIH0jW3KMCBgL64riRjTR4Ddqu_I30YLknfhTL0GKiEBLFnr-wf4qCD=s100','2023-04-11 05:44:12'),
('25bz','testtest','mail@markemist.jp','https://calltree.jp/','株式会社AAAAAAA','あああ','AAA',NULL,NULL,NULL,NULL,NULL,NULL,'2023-08-23 19:00:03'),
('2bw0','o3xrw','superstar0601@gmail.com','','株式会社99999-9','坂本','九',NULL,NULL,NULL,NULL,NULL,NULL,'2023-08-23 13:15:03'),
('2c8f','o3xrw','superstar0601.dev@gmail.com','https://global-coms.biz/','カーディナル','いいい','BBB',NULL,NULL,NULL,NULL,NULL,NULL,'2023-08-18 06:51:25'),
('2ckw','o3xrw','grahasmin+12@gmail.com','https://el-com.biz/','イーストン','おおお','EEE',NULL,NULL,NULL,NULL,NULL,NULL,'2023-08-18 18:23:27'),
('2emg','o3xrw','grahasmin@gmail.com','https://fanqcall.com/','イーストン','えええ','DDD',NULL,NULL,NULL,NULL,NULL,NULL,'2023-08-18 06:39:59'),
('2nxy','ooo','rostyle95+98@gmail.com','','株式会社99999-8','吉田','八',NULL,NULL,NULL,NULL,NULL,NULL,'2023-08-16 11:21:48'),
('2ou8','o3xrw','rostyle95@gmail.com','https://calltree.jp/','ロイヤルパークホテル','あああ','AAA',NULL,NULL,NULL,NULL,NULL,NULL,'2023-08-17 22:16:49'),
('2pc9','o3xrw','superstar0601.dev@gmail.com','https://global-coms.biz/','カーディナル','いいい','BBB',NULL,NULL,NULL,NULL,NULL,NULL,'2023-08-17 23:42:25'),
('2tsb','o3xrw','superstar0601.dev@gmail.com','','株式会社99999-9','坂本','九',NULL,NULL,NULL,NULL,NULL,NULL,'2023-08-23 15:20:02'),
('2tsn','o3xrw','grahasmin@gmail.com','https://fanqcall.com/','イーストン','えええ','DDD',NULL,NULL,NULL,NULL,NULL,NULL,'2023-08-18 10:44:13'),
('2uan','o3xrw','grahasmin+12@gmail.com','https://el-com.biz/','イーストン','おおお','EEE',NULL,NULL,NULL,NULL,NULL,NULL,'2023-08-17 22:16:49'),
('2wkq','o3xrw','superstar0601.dev+2@gmail.com','https://markemist.jp/','日本ホテル','ううう','CCC',NULL,NULL,NULL,NULL,NULL,NULL,'2023-08-18 06:58:00'),
('307c','o3xrw','grahasmin@gmail.com','https://fanqcall.com/','イーストン','えええ','DDD',NULL,NULL,NULL,NULL,NULL,NULL,'2023-08-18 13:40:02'),
('32454-1','o3xrw','sales@calltree.jp','https://el-com.biz/','','','','','',NULL,'',NULL,'https://lh3.googleusercontent.com/cm/AJSPFByMnCdY6qIH0jW3KMCBgL64riRjTR4Ddqu_I30YLknfhTL0GKiEBLFnr-wf4qCD=s100','2023-04-13 12:28:14'),
('32646541','o3xrw','aaaaainfo@global-coms.biz','https://global-coms.biz/','','','','','',NULL,'',NULL,'https://lh3.googleusercontent.com/cm/AJSPFByMnCdY6qIH0jW3KMCBgL64riRjTR4Ddqu_I30YLknfhTL0GKiEBLFnr-wf4qCD=s100','2023-04-13 12:28:14'),
('36p0','o3xrw','rostyle95@gmail.com','https://calltree.jp/','ロイヤルパークホテル','あああ','AAA',NULL,NULL,NULL,NULL,NULL,NULL,'2023-08-17 21:58:15'),
('3926','o3xrw','grahasmin@gmail.com','https://fanqcall.com/','イーストン','えええ','DDD',NULL,NULL,NULL,NULL,NULL,NULL,'2023-08-02 11:40:02'),
('3ch7','ooo','rostyle95+11@gmail.com','https://fanqcall.com/','イーストン','えええ','DDD',NULL,NULL,NULL,NULL,NULL,NULL,'2023-08-02 11:56:17'),
('3d7r','o3xrw','grahasmin+12@gmail.com','https://el-com.biz/','イーストン','おおお','EEE',NULL,NULL,NULL,NULL,NULL,NULL,'2023-08-17 23:12:09'),
('3kwq','o3xrw','grahasmin+12@gmail.com','https://el-com.biz/','イーストン','おおお','EEE',NULL,NULL,NULL,NULL,NULL,NULL,'2023-08-18 13:40:05'),
('3nue','o3xrw','superstar0601.dev+2@gmail.com','https://markemist.jp/','日本ホテル','ううう','CCC',NULL,NULL,NULL,NULL,NULL,NULL,'2023-08-18 06:39:57'),
('4ezf','o3xrw','grahasmin+12@gmail.com','https://el-com.biz/','イーストン','おおお','EEE',NULL,NULL,NULL,NULL,NULL,NULL,'2023-08-18 06:39:59'),
('4xsl','o3xrw',NULL,'https://calltree.jp/','ロイヤルパークホテル','あああ','AAA',NULL,NULL,NULL,NULL,NULL,NULL,'2023-08-05 00:29:40'),
('5432135','o3xrw','youhei_0525@hotmail.co.jp','https://fanqcall.com/','','','','','',NULL,'',NULL,'https://lh3.googleusercontent.com/cm/AJSPFByMnCdY6qIH0jW3KMCBgL64riRjTR4Ddqu_I30YLknfhTL0GKiEBLFnr-wf4qCD=s100','2023-04-13 12:28:14'),
('58si','o3xrw','youhei_0525@hotmail.co.jp','https://fanqcall.com/','イーストン','えええ','DDD',NULL,NULL,NULL,NULL,NULL,NULL,'2023-08-02 10:24:17'),
('5cxu','o3xrw','grahasmin@gmail.com','https://fanqcall.com/','イーストン','えええ','DDD',NULL,NULL,NULL,NULL,NULL,NULL,'2023-08-17 23:12:08'),
('5djh','o3xrw','grahasmin+12@gmail.com','https://el-com.biz/','イーストン','おおお','EEE',NULL,NULL,NULL,NULL,NULL,NULL,'2023-08-22 16:45:06'),
('5gek','o3xrw','grahasmin@gmail.com','https://fanqcall.com/','イーストン','えええ','DDD',NULL,NULL,NULL,NULL,NULL,NULL,'2023-08-17 21:25:54'),
('5lr0','o3xrw','superstar0601.dev+2@gmail.com','https://markemist.jp/','日本ホテル','ううう','CCC',NULL,NULL,NULL,NULL,NULL,NULL,'2023-08-18 13:40:04'),
('5o7s','o3xrw','grahasmin@gmail.com','','株式会社99999-8','吉田','八',NULL,NULL,NULL,NULL,NULL,NULL,'2023-08-23 14:10:02'),
('5qby','o3xrw','grahasmin+12@gmail.com','https://el-com.biz/','イーストン','おおお','EEE',NULL,NULL,NULL,NULL,NULL,NULL,'2023-08-18 13:40:05'),
('5rqb','o3xrw','rostyle95@gmail.com','https://calltree.jp/','ロイヤルパークホテル','あああ','AAA',NULL,NULL,NULL,NULL,NULL,NULL,'2023-08-17 23:58:50'),
('5xbu','testtest','youhei_0525@hotmail.co.jp','https://fanqcall.com/','株式会社EEEEE','えええ','DDD',NULL,NULL,NULL,NULL,NULL,NULL,'2023-08-23 18:47:17'),
('5xw0','o3xrw','rostyle95@gmail.com','https://calltree.jp/','ロイヤルパークホテル','あああ','AAA',NULL,NULL,NULL,NULL,NULL,NULL,'2023-08-22 16:45:05'),
('654875','o3xrw',NULL,'https://global-coms.biz/','','','','','',NULL,'',NULL,'https://lh3.googleusercontent.com/cm/AJSPFByMnCdY6qIH0jW3KMCBgL64riRjTR4Ddqu_I30YLknfhTL0GKiEBLFnr-wf4qCD=s100','2023-04-11 05:44:12'),
('65ra','o3xrw',NULL,'https://fanqcall.com/','イーストン','えええ','DDD',NULL,NULL,NULL,NULL,NULL,NULL,'2023-08-05 00:27:21'),
('6cgz','o3xrw','superstar0601.dev+2@gmail.com','https://markemist.jp/','日本ホテル','ううう','CCC',NULL,NULL,NULL,NULL,NULL,NULL,'2023-08-18 10:31:47'),
('6k58','o3xrw','grahasmin+12@gmail.com','https://el-com.biz/','イーストン','おおお','EEE',NULL,NULL,NULL,NULL,NULL,NULL,'2023-08-18 06:51:26'),
('6ol0','o3xrw','superstar0601.dev@gmail.com','https://global-coms.biz/','カーディナル','いいい','BBB',NULL,NULL,NULL,NULL,NULL,NULL,'2023-08-18 06:39:58'),
('6qhs','o3xrw',NULL,'https://el-com.biz/','イーストン','おおお','EEE',NULL,NULL,NULL,NULL,NULL,NULL,'2023-08-04 19:07:26'),
('6wqc','o3xrw','grahasmin@gmail.com','','株式会社99999-8','吉田','八',NULL,NULL,NULL,NULL,NULL,NULL,'2023-08-23 14:50:12'),
('6xvf','o3xrw','rostyle95@gmail.com','https://calltree.jp/','ロイヤルパークホテル','あああ','AAA',NULL,NULL,NULL,NULL,NULL,NULL,'2023-08-18 10:41:11'),
('6yd0','o3xrw','grahasmin+12@gmail.com','https://el-com.biz/','イーストン','おおお','EEE',NULL,NULL,NULL,NULL,NULL,NULL,'2023-08-18 22:13:09'),
('6yqj','o3xrw',NULL,'https://fanqcall.com/','イーストン','えええ','DDD',NULL,NULL,NULL,NULL,NULL,NULL,'2023-08-05 00:29:40'),
('6z8f','testtest','aaaaainfo@global-coms.biz','https://global-coms.biz/','株式会社IIIIIIIII','いいい','BBB',NULL,NULL,NULL,NULL,NULL,NULL,'2023-08-23 18:47:18'),
('7d2f','o3xrw','grahasmin@gmail.com','https://fanqcall.com/','イーストン','えええ','DDD',NULL,NULL,NULL,NULL,NULL,NULL,'2023-08-18 10:41:10'),
('7dhn','ooo','r.o.style.llc@gmail.com','','株式会社99999-8','吉田','八',NULL,NULL,NULL,NULL,NULL,NULL,'2023-08-24 09:15:02'),
('7g8f','o3xrw','grahasmin@gmail.com','https://fanqcall.com/','イーストン','えええ','DDD',NULL,NULL,NULL,NULL,NULL,NULL,'2023-08-17 23:31:13'),
('7ivj','o3xrw','superstar0601.dev@gmail.com','https://global-coms.biz/','カーディナル','いいい','BBB',NULL,NULL,NULL,NULL,NULL,NULL,'2023-08-17 23:31:14'),
('7k1u','o3xrw','grahasmin@gmail.com','','株式会社99999-8','吉田','八',NULL,NULL,NULL,NULL,NULL,NULL,'2023-08-23 14:40:02'),
('7mzx','testtest',NULL,'https://calltree.jp/','株式会社AAAAAAA','あああ','AAA',NULL,NULL,NULL,NULL,NULL,NULL,'2023-08-23 18:51:53'),
('7n32','o3xrw','superstar0601.dev@gmail.com','','株式会社99999-9','坂本','九',NULL,NULL,NULL,NULL,NULL,NULL,'2023-08-23 14:15:02'),
('7prj','o3xrw','aaaaainfo@global-coms.biz','https://global-coms.biz/','カーディナル','いいい','BBB',NULL,NULL,NULL,NULL,NULL,NULL,'2023-08-01 15:55:45'),
('7zgq','o3xrw','superstar0601.dev@gmail.com','https://global-coms.biz/','カーディナル','いいい','BBB',NULL,NULL,NULL,NULL,NULL,NULL,'2023-08-17 21:25:55'),
('810u','o3xrw','grahasmin+12@gmail.com','https://el-com.biz/','イーストン','おおお','EEE',NULL,NULL,NULL,NULL,NULL,NULL,'2023-08-17 21:25:56'),
('855-65','o3xrw',NULL,NULL,'','','','','',NULL,'',NULL,'https://lh3.googleusercontent.com/cm/AJSPFByMnCdY6qIH0jW3KMCBgL64riRjTR4Ddqu_I30YLknfhTL0GKiEBLFnr-wf4qCD=s100','2023-04-30 12:30:59'),
('855-656','o3xrw',NULL,NULL,'株式会社ジーシー','','','','',NULL,'',NULL,'https://lh3.googleusercontent.com/cm/AJSPFByMnCdY6qIH0jW3KMCBgL64riRjTR4Ddqu_I30YLknfhTL0GKiEBLFnr-wf4qCD=s100','2023-04-30 04:05:51'),
('86ry','ooo','aaaaainfo@global.com.biz','','株式会社送れない','送れない','太郎',NULL,NULL,NULL,NULL,NULL,NULL,'2023-08-21 19:06:28'),
('8be4','o3xrw','grahasmin@gmail.com','','株式会社99999-8','吉田','八',NULL,NULL,NULL,NULL,NULL,NULL,'2023-08-23 13:15:04'),
('8ilz','o3xrw',NULL,'https://markemist.jp/','日本ホテル','ううう','CCC',NULL,NULL,NULL,NULL,NULL,NULL,'2023-08-05 00:29:40'),
('8irt','o3xrw','rostyle95@gmail.com','https://calltree.jp/','ロイヤルパークホテル','あああ','AAA',NULL,NULL,NULL,NULL,NULL,NULL,'2023-08-22 16:45:05'),
('8j02','3tpig','','','','','','','',NULL,'',NULL,'https://lh3.googleusercontent.com/cm/AJSPFByMnCdY6qIH0jW3KMCBgL64riRjTR4Ddqu_I30YLknfhTL0GKiEBLFnr-wf4qCD=s100','2023-07-18 11:40:36'),
('8nbj','o3xrw','grahasmin+12@gmail.com','https://el-com.biz/','イーストン','おおお','EEE',NULL,NULL,NULL,NULL,NULL,NULL,'2023-08-15 12:34:44'),
('8u5j','o3xrw','info@el-com.biz','https://markemist.jp/','日本ホテル','ううう','CCC',NULL,NULL,NULL,NULL,NULL,NULL,'2023-08-02 10:54:33'),
('8u5o','o3xrw','mail@markemist.jp','https://calltree.jp/','ロイヤルパークホテル','あああ','AAA',NULL,NULL,NULL,NULL,NULL,NULL,'2023-08-01 15:55:45'),
('8vdx','o3xrw','superstar0601.dev+2@gmail.com','https://markemist.jp/','日本ホテル','ううう','CCC',NULL,NULL,NULL,NULL,NULL,NULL,'2023-08-17 23:42:26'),
('90qe','ooo','rostyle95+99@gmail.com','','株式会社99999-9','坂本','九',NULL,NULL,NULL,NULL,NULL,NULL,'2023-08-19 10:45:01'),
('92s5','o3xrw','grahasmin@gmail.com','https://fanqcall.com/','イーストン','えええ','DDD',NULL,NULL,NULL,NULL,NULL,NULL,'2023-08-18 06:57:59'),
('96ks','o3xrw',NULL,'http:aaa.com','','','',NULL,NULL,NULL,NULL,NULL,NULL,'2023-08-01 16:21:21'),
('98w5','o3xrw','grahasmin@gmail.com','https://fanqcall.com/','イーストン','えええ','DDD',NULL,NULL,NULL,NULL,NULL,NULL,'2023-08-15 12:34:44'),
('99999-10','o3xrw',NULL,NULL,'','','','','',NULL,'',NULL,'https://lh3.googleusercontent.com/cm/AJSPFByMnCdY6qIH0jW3KMCBgL64riRjTR4Ddqu_I30YLknfhTL0GKiEBLFnr-wf4qCD=s100','2023-06-10 05:55:23'),
('99999-11','o3xrw',NULL,NULL,'','','','','',NULL,'',NULL,'https://lh3.googleusercontent.com/cm/AJSPFByMnCdY6qIH0jW3KMCBgL64riRjTR4Ddqu_I30YLknfhTL0GKiEBLFnr-wf4qCD=s100','2023-06-10 05:56:02'),
('99999-8','o3xrw','rostyle95+98@gmail.com','','','','','','',NULL,'',NULL,'https://lh3.googleusercontent.com/cm/AJSPFByMnCdY6qIH0jW3KMCBgL64riRjTR4Ddqu_I30YLknfhTL0GKiEBLFnr-wf4qCD=s100','2023-05-24 12:15:50'),
('99999-9','o3xrw','rostyle95+99@gmail.com','','','','','','',NULL,'',NULL,'https://lh3.googleusercontent.com/cm/AJSPFByMnCdY6qIH0jW3KMCBgL64riRjTR4Ddqu_I30YLknfhTL0GKiEBLFnr-wf4qCD=s100','2023-05-24 12:15:49'),
('9aeo','o3xrw','grahasmin+12@gmail.com','https://el-com.biz/','イーストン','おおお','EEE',NULL,NULL,NULL,NULL,NULL,NULL,'2023-08-02 11:40:02'),
('9eaw','o3xrw','superstar0601.dev+2@gmail.com','https://markemist.jp/','日本ホテル','ううう','CCC',NULL,NULL,NULL,NULL,NULL,NULL,'2023-08-02 11:37:03'),
('9et6','o3xrw','grahasmin@gmail.com','https://fanqcall.com/','イーストン','えええ','DDD',NULL,NULL,NULL,NULL,NULL,NULL,'2023-08-17 23:42:25'),
('9ezm','o3xrw','superstar0601@gmail.com','','株式会社99999-9','坂本','九',NULL,NULL,NULL,NULL,NULL,NULL,'2023-08-23 13:15:03'),
('9iqb','o3xrw','grahasmin+12@gmail.com','https://el-com.biz/','イーストン','おおお','EEE',NULL,NULL,NULL,NULL,NULL,NULL,'2023-08-22 16:45:06'),
('9kry','o3xrw','rostyle95@gmail.com','https://calltree.jp/','ロイヤルパークホテル','あああ','AAA',NULL,NULL,NULL,NULL,NULL,NULL,'2023-08-18 13:40:04'),
('9mx6','o3xrw','grahasmin@gmail.com','','株式会社99999-8','吉田','八',NULL,NULL,NULL,NULL,NULL,NULL,'2023-08-23 14:10:02'),
('9n6a','o3xrw','superstar0601.dev@gmail.com','https://global-coms.biz/','カーディナル','いいい','BBB',NULL,NULL,NULL,NULL,NULL,NULL,'2023-08-18 10:29:16'),
('9nk0','o3xrw','superstar0601.dev@gmail.com','https://global-coms.biz/','カーディナル','いいい','BBB',NULL,NULL,NULL,NULL,NULL,NULL,'2023-08-18 13:45:04'),
('9uk1','testtest','sales@calltree.jp','https://el-com.biz/','株式会社OOOOOOO','おおお','EEE',NULL,NULL,NULL,NULL,NULL,NULL,'2023-08-23 18:47:19'),
('9x5u','o3xrw','grahasmin@gmail.com','https://fanqcall.com/','イーストン','えええ','DDD',NULL,NULL,NULL,NULL,NULL,NULL,'2023-08-17 22:16:48'),
('a3b0','ooo','rostyle95+98@gmail.com','','株式会社99999-8','吉田','八',NULL,NULL,NULL,NULL,NULL,NULL,'2023-08-18 14:10:03'),
('ag5q','o3xrw','grahasmin@gmail.com','','株式会社99999-8','吉田','八',NULL,NULL,NULL,NULL,NULL,NULL,'2023-08-23 14:10:02'),
('ajxh','o3xrw','mail@markemist.jp','https://calltree.jp/','ロイヤルパークホテル','あああ','AAA',NULL,NULL,NULL,NULL,NULL,NULL,'2023-08-02 10:56:07'),
('b6qi','test','','','','','','','',NULL,'',NULL,'https://lh3.googleusercontent.com/cm/AJSPFByMnCdY6qIH0jW3KMCBgL64riRjTR4Ddqu_I30YLknfhTL0GKiEBLFnr-wf4qCD=s100','2023-07-20 11:30:14'),
('b8wk','ooo','rostyle95+98@gmail.com','','上書き','','',NULL,NULL,NULL,NULL,NULL,NULL,'2023-08-02 02:53:12'),
('b9ao','o3xrw',NULL,'https://markemist.jp/','株式会社UUUUUUU','ううう','CCC',NULL,NULL,NULL,NULL,NULL,NULL,'2023-08-06 03:28:29'),
('bdiq','ooo','rostyle95+99@gmail.com','','株式会社99999-9','坂本','九',NULL,NULL,NULL,NULL,NULL,NULL,'2023-08-18 14:10:02'),
('bhdy','o3xrw','grahasmin@gmail.com','','株式会社99999-8','吉田','八',NULL,NULL,NULL,NULL,NULL,NULL,'2023-08-23 14:15:02'),
('bn6z','o3xrw','superstar0601.dev@gmail.com','https://global-coms.biz/','カーディナル','いいい','BBB',NULL,NULL,NULL,NULL,NULL,NULL,'2023-08-17 22:08:04'),
('bo2d','o3xrw','rostyle95@gmail.com','https://calltree.jp/','ロイヤルパークホテル','あああ','AAA',NULL,NULL,NULL,NULL,NULL,NULL,'2023-08-17 23:42:25'),
('brg8','o3xrw','grahasmin+12@gmail.com','https://el-com.biz/','イーストン','おおお','EEE',NULL,NULL,NULL,NULL,NULL,NULL,'2023-08-18 10:44:14'),
('brqj','ooo',NULL,'http:bbb.com','株式会社99999-8','吉田','八',NULL,NULL,NULL,NULL,NULL,NULL,'2023-08-08 10:57:46'),
('bt3u','o3xrw','superstar0601.dev+2@gmail.com','https://markemist.jp/','日本ホテル','ううう','CCC',NULL,NULL,NULL,NULL,NULL,NULL,'2023-08-02 11:40:45'),
('bvio','o3xrw','rostyle95@gmail.com','https://calltree.jp/','ロイヤルパークホテル','あああ','AAA',NULL,NULL,NULL,NULL,NULL,NULL,'2023-08-17 21:25:55'),
('bydc','o3xrw','superstar0601.dev+2@gmail.com','https://markemist.jp/','日本ホテル','ううう','CCC',NULL,NULL,NULL,NULL,NULL,NULL,'2023-08-18 13:45:04'),
('byt7','ooo','rostyle95+98@gmail.com','','株式会社99999-8','吉田','八',NULL,NULL,NULL,NULL,NULL,NULL,'2023-08-18 14:10:03'),
('c03s','testtest','info@el-com.biz','https://markemist.jp/','株式会社UUUUUUU','ううう','CCC',NULL,NULL,NULL,NULL,NULL,NULL,'2023-08-23 19:00:04'),
('c120','o3xrw','grahasmin@gmail.com','https://fanqcall.com/','イーストン','えええ','DDD',NULL,NULL,NULL,NULL,NULL,NULL,'2023-08-02 11:40:44'),
('c1ba','o3xrw','superstar0601.dev@gmail.com','https://global-coms.biz/','カーディナル','いいい','BBB',NULL,NULL,NULL,NULL,NULL,NULL,'2023-08-05 00:30:38'),
('c5iy','o3xrw','grahasmin@gmail.com','https://fanqcall.com/','イーストン','えええ','DDD',NULL,NULL,NULL,NULL,NULL,NULL,'2023-08-02 11:37:02'),
('c9fw','o3xrw','grahasmin+12@gmail.com','https://el-com.biz/','イーストン','おおお','EEE',NULL,NULL,NULL,NULL,NULL,NULL,'2023-08-05 00:30:39'),
('cfay','o3xrw','grahasmin@gmail.com','','株式会社99999-8','吉田','八',NULL,NULL,NULL,NULL,NULL,NULL,'2023-08-23 18:29:59'),
('clz1','testtest',NULL,'https://el-com.biz/','株式会社OOOOOOO','おおお','EEE',NULL,NULL,NULL,NULL,NULL,NULL,'2023-08-23 18:51:53'),
('cxqm','o3xrw','rostyle95@gmail.com','https://calltree.jp/','ロイヤルパークホテル','あああ','AAA',NULL,NULL,NULL,NULL,NULL,NULL,'2023-08-18 06:40:00'),
('d0cw','o3xrw','superstar0601.dev@gmail.com','https://global-coms.biz/','カーディナル','いいい','BBB',NULL,NULL,NULL,NULL,NULL,NULL,'2023-08-15 12:35:13'),
('d0o6','o3xrw','grahasmin+12@gmail.com','https://el-com.biz/','イーストン','おおお','EEE',NULL,NULL,NULL,NULL,NULL,NULL,'2023-08-02 11:37:04'),
('d19i','ooo','rostyle95+98@gmail.com','','株式会社99999-8','吉田','八',NULL,NULL,NULL,NULL,NULL,NULL,'2023-08-18 14:10:03'),
('d1wi','o3xrw','superstar0601.dev+2@gmail.com','https://markemist.jp/','日本ホテル','ううう','CCC',NULL,NULL,NULL,NULL,NULL,NULL,'2023-08-18 13:40:04'),
('dbvw','o3xrw','grahasmin@gmail.com','','株式会社99999-8','吉田','八',NULL,NULL,NULL,NULL,NULL,NULL,'2023-08-23 14:40:02'),
('djt1','o3xrw','grahasmin@gmail.com','https://fanqcall.com/','イーストン','えええ','DDD',NULL,NULL,NULL,NULL,NULL,NULL,'2023-08-18 09:11:25'),
('dsfj','o3xrw','grahasmin@gmail.com','https://fanqcall.com/','イーストン','えええ','DDD',NULL,NULL,NULL,NULL,NULL,NULL,'2023-08-18 10:29:15'),
('dxqm','ooo','rostyle95+98@gmail.com','','株式会社99999-8','吉田','八',NULL,NULL,NULL,NULL,NULL,NULL,'2023-08-19 10:45:02'),
('dzbf','o3xrw','aaaaainfo@global-coms.biz','https://global-coms.biz/','カーディナル','いいい','BBB',NULL,NULL,NULL,NULL,NULL,NULL,'2023-08-22 16:45:04'),
('dznp','o3xrw','sales@calltree.jp','https://el-com.biz/','イーストン','おおお','EEE',NULL,NULL,NULL,NULL,NULL,NULL,'2023-08-01 15:55:45'),
('e1bi','ooo','rostyle95+99@gmail.com','','株式会社99999-9','坂本','九',NULL,NULL,NULL,NULL,NULL,NULL,'2023-08-19 10:45:01'),
('e453','o3xrw','superstar0601.dev@gmail.com','https://global-coms.biz/','カーディナル','いいい','BBB',NULL,NULL,NULL,NULL,NULL,NULL,'2023-08-18 06:39:56'),
('eby3','o3xrw','superstar0601.dev@gmail.com','https://global-coms.biz/','カーディナル','いいい','BBB',NULL,NULL,NULL,NULL,NULL,NULL,'2023-08-17 23:12:08'),
('ecpt','o3xrw','rostyle95@gmail.com','https://calltree.jp/','ロイヤルパークホテル','あああ','AAA',NULL,NULL,NULL,NULL,NULL,NULL,'2023-08-18 09:11:26'),
('efku','o3xrw',NULL,'https://fanqcall.com/','イーストン','えええ','DDD',NULL,NULL,NULL,NULL,NULL,NULL,'2023-08-04 18:43:35'),
('ehjt','o3xrw','grahasmin@gmail.com','https://fanqcall.com/','イーストン','えええ','DDD',NULL,NULL,NULL,NULL,NULL,NULL,'2023-08-18 22:13:07'),
('eimp','o3xrw','superstar0601.dev@gmail.com','https://global-coms.biz/','カーディナル','いいい','BBB',NULL,NULL,NULL,NULL,NULL,NULL,'2023-08-17 22:44:30'),
('ekdm','testtest','info@el-com.biz','https://markemist.jp/','株式会社UUUUUUU','ううう','CCC',NULL,NULL,NULL,NULL,NULL,NULL,'2023-08-23 18:47:19'),
('eyf0','o3xrw','superstar0601.dev@gmail.com','','株式会社99999-9','坂本','九',NULL,NULL,NULL,NULL,NULL,NULL,'2023-08-23 14:25:02'),
('ezdj','o3xrw',NULL,'https://calltree.jp/','ロイヤルパークホテル','あああ','AAA',NULL,NULL,NULL,NULL,NULL,NULL,'2023-08-04 18:43:35'),
('f02e','o3xrw',NULL,'https://global-coms.biz/','カーディナル','いいい','BBB',NULL,NULL,NULL,NULL,NULL,NULL,'2023-08-04 19:07:26'),
('f30l','o3xrw','grahasmin+12@gmail.com','https://el-com.biz/','イーストン','おおお','EEE',NULL,NULL,NULL,NULL,NULL,NULL,'2023-08-18 10:41:11'),
('f7lu','o3xrw','rostyle95@gmail.com','https://calltree.jp/','ロイヤルパークホテル','あああ','AAA',NULL,NULL,NULL,NULL,NULL,NULL,'2023-08-18 13:40:04'),
('fae2','o3xrw',NULL,'https://markemist.jp/','日本ホテル','ううう','CCC',NULL,NULL,NULL,NULL,NULL,NULL,'2023-08-04 18:43:35'),
('fdna','o3xrw','grahasmin@gmail.com','https://fanqcall.com/','イーストン','えええ','DDD',NULL,NULL,NULL,NULL,NULL,NULL,'2023-08-18 13:45:02'),
('fix2','o3xrw','grahasmin+12@gmail.com','https://el-com.biz/','イーストン','おおお','EEE',NULL,NULL,NULL,NULL,NULL,NULL,'2023-08-18 10:31:48'),
('fkjb','ooo','rostyle95+14@gmail.com','https://markemist.jp/','日本ホテル','ううう','CCC',NULL,NULL,NULL,NULL,NULL,NULL,'2023-08-02 11:56:18'),
('fm4d','o3xrw','superstar0601.dev@gmail.com','https://global-coms.biz/','カーディナル','いいい','BBB',NULL,NULL,NULL,NULL,NULL,NULL,'2023-08-18 10:44:13'),
('fpke','o3xrw','superstar0601.dev@gmail.com','https://global-coms.biz/','カーディナル','いいい','BBB',NULL,NULL,NULL,NULL,NULL,NULL,'2023-08-17 21:58:15'),
('fve5','o3xrw','grahasmin@gmail.com','https://fanqcall.com/','イーストン','えええ','DDD',NULL,NULL,NULL,NULL,NULL,NULL,'2023-08-22 16:45:02'),
('fvg9','o3xrw','youhei_0525@hotmail.co.jp','https://fanqcall.com/','イーストン','えええ','DDD',NULL,NULL,NULL,NULL,NULL,NULL,'2023-08-02 10:54:33'),
('fya2','o3xrw','grahasmin+12@gmail.com','https://el-com.biz/','イーストン','おおお','EEE',NULL,NULL,NULL,NULL,NULL,NULL,'2023-08-18 09:11:26'),
('g7x1','o3xrw','rostyle95@gmail.com','https://calltree.jp/','ロイヤルパークホテル','あああ','AAA',NULL,NULL,NULL,NULL,NULL,NULL,'2023-08-15 12:35:13'),
('gb6y','o3xrw','superstar0601.dev+2@gmail.com','https://markemist.jp/','日本ホテル','ううう','CCC',NULL,NULL,NULL,NULL,NULL,NULL,'2023-08-18 13:40:04'),
('giaq','o3xrw','superstar0601.dev@gmail.com','https://global-coms.biz/','カーディナル','いいい','BBB',NULL,NULL,NULL,NULL,NULL,NULL,'2023-08-17 21:22:46'),
('gjfz','o3xrw','superstar0601.dev@gmail.com','https://global-coms.biz/','カーディナル','いいい','BBB',NULL,NULL,NULL,NULL,NULL,NULL,'2023-08-17 22:16:48'),
('gl43','o3xrw','rostyle95@gmail.com','https://calltree.jp/','ロイヤルパークホテル','あああ','AAA',NULL,NULL,NULL,NULL,NULL,NULL,'2023-08-18 22:13:08'),
('gsqd','o3xrw','grahasmin+12@gmail.com','https://el-com.biz/','イーストン','おおお','EEE',NULL,NULL,NULL,NULL,NULL,NULL,'2023-08-17 23:42:26'),
('h9kv','o3xrw','superstar0601.dev+2@gmail.com','https://markemist.jp/','日本ホテル','ううう','CCC',NULL,NULL,NULL,NULL,NULL,NULL,'2023-08-22 16:45:05'),
('hbpj','o3xrw','grahasmin@gmail.com','','株式会社99999-8','吉田','八',NULL,NULL,NULL,NULL,NULL,NULL,'2023-08-23 14:25:02'),
('hd10','o3xrw','superstar0601.dev@gmail.com','','株式会社99999-9','坂本','九',NULL,NULL,NULL,NULL,NULL,NULL,'2023-08-23 14:25:02'),
('hifb','o3xrw','superstar0601.dev+2@gmail.com','https://markemist.jp/','日本ホテル','ううう','CCC',NULL,NULL,NULL,NULL,NULL,NULL,'2023-08-17 22:44:30'),
('hjo2','ooo',NULL,NULL,'株式会社　スペーステスト','スペース','太郎',NULL,NULL,NULL,NULL,'あ',NULL,'2023-08-21 20:21:08'),
('hjst','o3xrw','superstar0601.dev@gmail.com','https://global-coms.biz/','カーディナル','いいい','BBB',NULL,NULL,NULL,NULL,NULL,NULL,'2023-08-18 10:31:47'),
('hlxp','o3xrw','grahasmin+12@gmail.com','https://el-com.biz/','イーストン','おおお','EEE',NULL,NULL,NULL,NULL,NULL,NULL,'2023-08-18 06:40:00'),
('hm34','o3xrw','superstar0601.dev+2@gmail.com','https://markemist.jp/','日本ホテル','ううう','CCC',NULL,NULL,NULL,NULL,NULL,NULL,'2023-08-18 18:23:27'),
('hpnq','o3xrw','aaaaainfo@global-coms.biz','https://global-coms.biz/','カーディナル','いいい','BBB',NULL,NULL,NULL,NULL,NULL,NULL,'2023-08-18 22:13:07'),
('hs8d','o3xrw','grahasmin+12@gmail.com','https://el-com.biz/','イーストン','おおお','EEE',NULL,NULL,NULL,NULL,NULL,NULL,'2023-08-02 11:40:45'),
('i0bq','o3xrw','superstar0601.dev@gmail.com','','株式会社99999-9','坂本','九',NULL,NULL,NULL,NULL,NULL,NULL,'2023-08-23 18:29:59'),
('i4cg','o3xrw','superstar0601.dev+2@gmail.com','https://markemist.jp/','日本ホテル','ううう','CCC',NULL,NULL,NULL,NULL,NULL,NULL,'2023-08-18 09:11:26'),
('i9fg','ooo','grahasmin@gmail.com',NULL,'company1',NULL,NULL,NULL,NULL,NULL,NULL,NULL,'https://lh3.googleusercontent.com/cm/AJSPFByMnCdY6qIH0jW3KMCBgL64riRjTR4Ddqu_I30YLknfhTL0GKiEBLFnr-wf4qCD=s100','2023-07-19 13:30:41'),
('idpl','o3xrw','rostyle95@gmail.com','https://calltree.jp/','ロイヤルパークホテル','あああ','AAA',NULL,NULL,NULL,NULL,NULL,NULL,'2023-08-15 12:34:44'),
('ieas','o3xrw','youhei_0525@hotmail.co.jp','https://fanqcall.com/','イーストン','えええ','DDD',NULL,NULL,NULL,NULL,NULL,NULL,'2023-08-01 15:55:45'),
('ifdb','o3xrw','superstar0601.dev@gmail.com','','株式会社99999-9','坂本','九',NULL,NULL,NULL,NULL,NULL,NULL,'2023-08-23 14:10:02'),
('im4x','testtest',NULL,'https://fanqcall.com/','株式会社EEEEE','えええ','DDD',NULL,NULL,NULL,NULL,NULL,NULL,'2023-08-23 18:51:53'),
('in3q','o3xrw',NULL,'https://calltree.jp/','ロイヤルパークホテル','あああ','AAA',NULL,NULL,NULL,NULL,NULL,NULL,'2023-08-04 19:07:26'),
('iq4h','o3xrw','grahasmin@gmail.com','https://fanqcall.com/','イーストン','えええ','DDD',NULL,NULL,NULL,NULL,NULL,NULL,'2023-08-18 13:40:02'),
('iqx9','ooo','rostyle95+113334@gmail.com',NULL,'company','a',NULL,NULL,NULL,NULL,NULL,NULL,'https://lh3.googleusercontent.com/cm/AJSPFByMnCdY6qIH0jW3KMCBgL64riRjTR4Ddqu_I30YLknfhTL0GKiEBLFnr-wf4qCD=s100','2023-07-20 11:20:14'),
('ir6c','o3xrw','superstar0601.dev+2@gmail.com','https://markemist.jp/','日本ホテル','ううう','CCC',NULL,NULL,NULL,NULL,NULL,NULL,'2023-08-17 23:58:50'),
('iuh1','o3xrw','grahasmin@gmail.com','https://fanqcall.com/','イーストン','えええ','DDD',NULL,NULL,NULL,NULL,NULL,NULL,'2023-08-18 13:45:02'),
('jcs7','o3xrw','rostyle95@gmail.com','https://calltree.jp/','ロイヤルパークホテル','あああ','AAA',NULL,NULL,NULL,NULL,NULL,NULL,'2023-08-18 13:45:05'),
('jd64','o3xrw','superstar0601.dev@gmail.com','https://global-coms.biz/','カーディナル','いいい','BBB',NULL,NULL,NULL,NULL,NULL,NULL,'2023-08-02 11:40:44'),
('jilh','o3xrw','grahasmin@gmail.com','https://fanqcall.com/','イーストン','えええ','DDD',NULL,NULL,NULL,NULL,NULL,NULL,'2023-08-05 00:30:38'),
('jisn','o3xrw','grahasmin+12@gmail.com','https://el-com.biz/','イーストン','おおお','EEE',NULL,NULL,NULL,NULL,NULL,NULL,'2023-08-18 10:25:28'),
('jldf','o3xrw','superstar0601.dev@gmail.com','https://global-coms.biz/','カーディナル','いいい','BBB',NULL,NULL,NULL,NULL,NULL,NULL,'2023-08-18 13:40:03'),
('jq7l','o3xrw','superstar0601.dev@gmail.com','https://global-coms.biz/','カーディナル','いいい','BBB',NULL,NULL,NULL,NULL,NULL,NULL,'2023-08-18 13:40:03'),
('jrb4','o3xrw','grahasmin@gmail.com','https://fanqcall.com/','イーストン','えええ','DDD',NULL,NULL,NULL,NULL,NULL,NULL,'2023-08-18 10:31:46'),
('jwz1','testtest',NULL,'https://markemist.jp/','株式会社UUUUUUU','ううう','CCC',NULL,NULL,NULL,NULL,NULL,NULL,'2023-08-23 18:51:53'),
('k38s','o3xrw','aaaaainfo@global-coms.biz','https://global-coms.biz/','カーディナル','いいい','BBB',NULL,NULL,NULL,NULL,NULL,NULL,'2023-08-02 11:07:11'),
('k608','o3xrw','grahasmin@gmail.com','https://fanqcall.com/','イーストン','えええ','DDD',NULL,NULL,NULL,NULL,NULL,NULL,'2023-08-17 23:23:41'),
('k83a','o3xrw','rostyle95@gmail.com','https://calltree.jp/','ロイヤルパークホテル','あああ','AAA',NULL,NULL,NULL,NULL,NULL,NULL,'2023-08-18 10:44:14'),
('k8z0','o3xrw','grahasmin@gmail.com','','株式会社99999-8','吉田','八',NULL,NULL,NULL,NULL,NULL,NULL,'2023-08-23 13:15:03'),
('kdqt','ooo','rostyle95+12@gmail.com','https://global-coms.biz/','カーディナル','いいい','BBB',NULL,NULL,NULL,NULL,NULL,NULL,'2023-08-02 11:56:17'),
('kfl5','o3xrw','grahasmin+12@gmail.com','https://el-com.biz/','イーストン','おおお','EEE',NULL,NULL,NULL,NULL,NULL,NULL,'2023-08-18 13:40:05'),
('km4j','o3xrw','superstar0601.dev@gmail.com','','株式会社99999-9','坂本','九',NULL,NULL,NULL,NULL,NULL,NULL,'2023-08-23 14:40:02'),
('kp9x','ooo','rostyle95+98@gmail.com',NULL,'株式会社99999-8','吉田','八',NULL,NULL,NULL,NULL,'ああ',NULL,'2023-08-19 10:45:02'),
('kv9n','o3xrw','aaaaainfo@global-coms.biz','https://global-coms.biz/','カーディナル','いいい','BBB',NULL,NULL,NULL,NULL,NULL,NULL,'2023-08-22 16:45:04'),
('kvgx','ooo','rostyle95@gmail.com','','株式会社99999-9','坂本','九',NULL,NULL,NULL,NULL,NULL,NULL,'2023-08-24 09:15:02'),
('kwfs','o3xrw','grahasmin+12@gmail.com','https://el-com.biz/','イーストン','おおお','EEE',NULL,NULL,NULL,NULL,NULL,NULL,'2023-08-18 13:45:06'),
('kx1j','o3xrw','grahasmin+12@gmail.com','https://el-com.biz/','イーストン','おおお','EEE',NULL,NULL,NULL,NULL,NULL,NULL,'2023-08-17 23:31:15'),
('l25h','o3xrw','superstar0601@gmail.com','','株式会社99999-9','坂本','九',NULL,NULL,NULL,NULL,NULL,NULL,'2023-08-23 13:15:03'),
('l2oy','o3xrw','grahasmin@gmail.com','https://fanqcall.com/','イーストン','えええ','DDD',NULL,NULL,NULL,NULL,NULL,NULL,'2023-08-18 06:51:25'),
('l4jk','o3xrw',NULL,'https://fanqcall.com/','イーストン','えええ','DDD',NULL,NULL,NULL,NULL,NULL,NULL,'2023-08-04 19:07:26'),
('l7p6','o3xrw','sales@calltree.jp','https://el-com.biz/','イーストン','おおお','EEE',NULL,NULL,NULL,NULL,NULL,NULL,'2023-08-02 10:56:07'),
('l8u3','o3xrw','rostyle95@gmail.com','https://rostyle.com','CodeMan','super','star',NULL,NULL,NULL,NULL,NULL,NULL,'2023-08-02 11:40:02'),
('lan8','ooo','rostyle95+13@gmail.com','https://calltree.jp/','ロイヤルパークホテル','あああ','AAA',NULL,NULL,NULL,NULL,NULL,NULL,'2023-08-02 11:56:17'),
('lcp2','o3xrw','mail@markemist.jp','https://calltree.jp/','ロイヤルパークホテル','あああ','AAA',NULL,NULL,NULL,NULL,NULL,NULL,'2023-08-02 10:24:17'),
('leby','ooo','rostyle95+98@gmail.com','','株式会社99999-8','吉田','八',NULL,NULL,NULL,NULL,NULL,NULL,'2023-08-23 01:35:02'),
('lj5s','o3xrw','superstar0601.dev+2@gmail.com','https://markemist.jp/','日本ホテル','ううう','CCC',NULL,NULL,NULL,NULL,NULL,NULL,'2023-08-17 23:12:09'),
('lkj4','o3xrw','rostyle95@gmail.com','https://rostyle.com','CodeMan','super','star',NULL,NULL,NULL,NULL,NULL,NULL,'2023-08-05 00:30:39'),
('lna4','ooo',NULL,'http:aaa.com','株式会社99999-9','坂本','九',NULL,NULL,NULL,NULL,NULL,NULL,'2023-08-08 10:57:46'),
('lo1y','o3xrw','superstar0601.dev+2@gmail.com','https://markemist.jp/','日本ホテル','ううう','CCC',NULL,NULL,NULL,NULL,NULL,NULL,'2023-08-15 12:34:44'),
('lr19','ooo','rostyle95+99@gmail.com','','株式会社99999-9','坂本','九',NULL,NULL,NULL,NULL,NULL,NULL,'2023-08-23 01:35:02'),
('lwf8','o3xrw',NULL,'','','','',NULL,NULL,NULL,NULL,NULL,NULL,'2023-08-01 16:21:21'),
('lwib','o3xrw','grahasmin@gmail.com','https://fanqcall.com/','イーストン','えええ','DDD',NULL,NULL,NULL,NULL,NULL,NULL,'2023-08-22 16:45:04'),
('meaz','o3xrw','grahasmin@gmail.com','https://fanqcall.com/','イーストン','えええ','DDD',NULL,NULL,NULL,NULL,NULL,NULL,'2023-08-18 18:23:26'),
('mnbt','o3xrw','superstar0601.dev@gmail.com','','株式会社99999-9','坂本','九',NULL,NULL,NULL,NULL,NULL,NULL,'2023-08-23 14:40:02'),
('mvjy','o3xrw','superstar0601.dev+2@gmail.com','https://markemist.jp/','日本ホテル','ううう','CCC',NULL,NULL,NULL,NULL,NULL,NULL,'2023-08-22 16:45:05'),
('myob','o3xrw','rostyle95@gmail.com','https://calltree.jp/','ロイヤルパークホテル','あああ','AAA',NULL,NULL,NULL,NULL,NULL,NULL,'2023-08-18 13:40:03'),
('n0sm','o3xrw','grahasmin+12@gmail.com','https://el-com.biz/','イーストン','おおお','EEE',NULL,NULL,NULL,NULL,NULL,NULL,'2023-08-17 21:22:47'),
('n0zs','o3xrw','superstar0601.dev@gmail.com','','株式会社99999-9','坂本','九',NULL,NULL,NULL,NULL,NULL,NULL,'2023-08-23 14:25:02'),
('n3ky','o3xrw','grahasmin+12@gmail.com','https://el-com.biz/','イーストン','おおお','EEE',NULL,NULL,NULL,NULL,NULL,NULL,'2023-08-18 06:58:00'),
('njlo','o3xrw','grahasmin@gmail.com','https://fanqcall.com/','イーストン','えええ','DDD',NULL,NULL,NULL,NULL,NULL,NULL,'2023-08-22 16:45:04'),
('njvy','o3xrw','grahasmin@gmail.com','','株式会社99999-8','吉田','八',NULL,NULL,NULL,NULL,NULL,NULL,'2023-08-23 15:20:02'),
('noz0','ooo','rostyle95+99@gmail.com','','株式会社99999-9','坂本','九',NULL,NULL,NULL,NULL,NULL,NULL,'2023-08-23 01:35:02'),
('nt15','testtest','youhei_0525@hotmail.co.jp','https://fanqcall.com/','株式会社EEEEE','えええ','DDD',NULL,NULL,NULL,NULL,NULL,NULL,'2023-08-23 19:00:02'),
('nx18','o3xrw','superstar0601.dev+2@gmail.com','https://markemist.jp/','日本ホテル','ううう','CCC',NULL,NULL,NULL,NULL,NULL,NULL,'2023-08-18 10:41:11'),
('nxmo','o3xrw','rostyle95@gmail.com','https://rostyle.com','CodeMan','super','star',NULL,NULL,NULL,NULL,NULL,NULL,'2023-08-02 11:40:45'),
('o0yi','o3xrw','superstar0601.dev@gmail.com','https://global-coms.biz/','カーディナル','いいい','BBB',NULL,NULL,NULL,NULL,NULL,NULL,'2023-08-18 06:39:59'),
('o16q','ooo','rostyle95+98@gmail.com','','上書き','','',NULL,NULL,NULL,NULL,NULL,NULL,'2023-08-08 13:32:44'),
('o3ki','o3xrw','superstar0601.dev@gmail.com','https://global-coms.biz/','カーディナル','いいい','BBB',NULL,NULL,NULL,NULL,NULL,NULL,'2023-08-18 10:41:10'),
('o7se','o3xrw','superstar0601.dev@gmail.com','https://global-coms.biz/','カーディナル','いいい','BBB',NULL,NULL,NULL,NULL,NULL,NULL,'2023-08-18 09:11:25'),
('o7u9','o3xrw',NULL,'https://el-com.biz/','株式会社OOOOOOO','おおお','EEE',NULL,NULL,NULL,NULL,NULL,NULL,'2023-08-06 03:28:29'),
('o8qc','o3xrw','grahasmin@gmail.com','https://fanqcall.com/','イーストン','えええ','DDD',NULL,NULL,NULL,NULL,NULL,NULL,'2023-08-18 13:40:02'),
('o94x','o3xrw','rostyle95@gmail.com','https://calltree.jp/','ロイヤルパークホテル','あああ','AAA',NULL,NULL,NULL,NULL,NULL,NULL,'2023-08-18 06:51:26'),
('ojz8','o3xrw','rostyle95@gmail.com','https://calltree.jp/','ロイヤルパークホテル','あああ','AAA',NULL,NULL,NULL,NULL,NULL,NULL,'2023-08-17 21:22:46'),
('oliz','testtest','sales@calltree.jp','https://el-com.biz/','株式会社OOOOOOO','おおお','EEE',NULL,NULL,NULL,NULL,NULL,NULL,'2023-08-23 19:00:05'),
('onew','o3xrw','superstar0601.dev@gmail.com','https://global-coms.biz/','カーディナル','いいい','BBB',NULL,NULL,NULL,NULL,NULL,NULL,'2023-08-02 11:37:03'),
('otr2','o3xrw','rostyle95@gmail.com','https://calltree.jp/','ロイヤルパークホテル','あああ','AAA',NULL,NULL,NULL,NULL,NULL,NULL,'2023-08-17 23:31:14'),
('owfv','o3xrw','rostyle95@gmail.com','https://calltree.jp/','ロイヤルパークホテル','あああ','AAA',NULL,NULL,NULL,NULL,NULL,NULL,'2023-08-17 22:08:04'),
('p4cb','o3xrw','superstar0601.dev+2@gmail.com','https://markemist.jp/','日本ホテル','ううう','CCC',NULL,NULL,NULL,NULL,NULL,NULL,'2023-08-18 06:51:26'),
('p4lo','o3xrw',NULL,'https://markemist.jp/','日本ホテル','ううう','CCC',NULL,NULL,NULL,NULL,NULL,NULL,'2023-08-05 00:27:21'),
('p5mi','o3xrw','superstar0601.dev+2@gmail.com','https://markemist.jp/','日本ホテル','ううう','CCC',NULL,NULL,NULL,NULL,NULL,NULL,'2023-08-18 13:45:05'),
('p5q0','ooo','rostyle95+98@gmail.com','','上書き','','','','',NULL,'',NULL,'https://lh3.googleusercontent.com/cm/AJSPFByMnCdY6qIH0jW3KMCBgL64riRjTR4Ddqu_I30YLknfhTL0GKiEBLFnr-wf4qCD=s100','2023-07-20 11:19:34'),
('pfgx','ooo','rostyle95+98@gmail.com','','上書き','','',NULL,NULL,NULL,NULL,NULL,NULL,'2023-08-08 13:31:44'),
('pguz','o3xrw','grahasmin@gmail.com',NULL,'SSSS','2222','asdfasdfasdfa',NULL,NULL,NULL,NULL,NULL,'https://lh3.googleusercontent.com/cm/AJSPFByMnCdY6qIH0jW3KMCBgL64riRjTR4Ddqu_I30YLknfhTL0GKiEBLFnr-wf4qCD=s100','2023-07-18 04:53:47'),
('plzr','o3xrw','aaaaainfo@global-coms.biz','https://global-coms.biz/','カーディナル','いいい','BBB',NULL,NULL,NULL,NULL,NULL,NULL,'2023-08-02 10:54:33'),
('pn1g','o3xrw','aaaaainfo@global-coms.biz','https://global-coms.biz/','カーディナル','いいい','BBB',NULL,NULL,NULL,NULL,NULL,NULL,'2023-08-22 16:45:04'),
('prhj','o3xrw','rostyle95@gmail.com','https://calltree.jp/','ロイヤルパークホテル','あああ','AAA',NULL,NULL,NULL,NULL,NULL,NULL,'2023-08-18 06:39:58'),
('q34p','o3xrw','grahasmin+12@gmail.com','https://el-com.biz/','イーストン','おおお','EEE',NULL,NULL,NULL,NULL,NULL,NULL,'2023-08-17 23:58:50'),
('q8tw','o3xrw','rostyle95@gmail.com','https://calltree.jp/','ロイヤルパークホテル','あああ','AAA',NULL,NULL,NULL,NULL,NULL,NULL,'2023-08-17 22:44:30'),
('qbxr','o3xrw','rostyle95@gmail.com','https://calltree.jp/','ロイヤルパークホテル','あああ','AAA',NULL,NULL,NULL,NULL,NULL,NULL,'2023-08-18 13:45:05'),
('qgs7','o3xrw','grahasmin@gmail.com','https://fanqcall.com/','イーストン','えええ','DDD',NULL,NULL,NULL,NULL,NULL,NULL,'2023-08-17 21:22:45'),
('qjmp','ooo','rostyle95+98@gmail.com','','上書き','','',NULL,NULL,NULL,NULL,NULL,NULL,'2023-08-02 02:53:13'),
('qlb7','o3xrw',NULL,'https://global-coms.biz/','カーディナル','いいい','BBB',NULL,NULL,NULL,NULL,NULL,NULL,'2023-08-05 00:29:40'),
('qlx6','ooo','rostyle95+15@gmail.com','https://el-com.biz/','イーストン','おおお','EEE',NULL,NULL,NULL,NULL,NULL,NULL,'2023-08-02 11:56:18'),
('qtne','o3xrw','superstar0601.dev+2@gmail.com','https://markemist.jp/','日本ホテル','ううう','CCC',NULL,NULL,NULL,NULL,NULL,NULL,'2023-08-18 06:40:00'),
('r1zp','o3xrw','aaaaainfo@global-coms.biz','https://global-coms.biz/','カーディナル','いいい','BBB',NULL,NULL,NULL,NULL,NULL,NULL,'2023-08-02 10:24:17'),
('r5el','o3xrw','superstar0601.dev@gmail.com','','株式会社99999-9','坂本','九',NULL,NULL,NULL,NULL,NULL,NULL,'2023-08-23 14:10:01'),
('r6s8','o3xrw','grahasmin@gmail.com','https://fanqcall.com/','イーストン','えええ','DDD',NULL,NULL,NULL,NULL,NULL,NULL,'2023-08-17 22:44:29'),
('r81y','o3xrw','grahasmin@gmail.com','','株式会社99999-8','吉田','八',NULL,NULL,NULL,NULL,NULL,NULL,'2023-08-23 14:15:03'),
('re0h','o3xrw',NULL,'https://el-com.biz/','イーストン','おおお','EEE',NULL,NULL,NULL,NULL,NULL,NULL,'2023-08-04 18:43:35'),
('rj3z','ooo',NULL,'http:bbb.com','','','','','',NULL,'',NULL,'https://lh3.googleusercontent.com/cm/AJSPFByMnCdY6qIH0jW3KMCBgL64riRjTR4Ddqu_I30YLknfhTL0GKiEBLFnr-wf4qCD=s100','2023-07-19 11:38:22'),
('rlzx','o3xrw','superstar0601.dev@gmail.com','https://global-coms.biz/','カーディナル','いいい','BBB',NULL,NULL,NULL,NULL,NULL,NULL,'2023-08-18 13:45:03'),
('rwm2','o3xrw',NULL,'https://el-com.biz/','イーストン','おおお','EEE',NULL,NULL,NULL,NULL,NULL,NULL,'2023-08-05 00:29:40'),
('rxkc','o3xrw','grahasmin@gmail.com','https://fanqcall.com/','イーストン','えええ','DDD',NULL,NULL,NULL,NULL,NULL,NULL,'2023-08-18 06:39:58'),
('rxt8','o3xrw','superstar0601.dev+2@gmail.com','https://markemist.jp/','日本ホテル','ううう','CCC',NULL,NULL,NULL,NULL,NULL,NULL,'2023-08-18 06:39:59'),
('rz78','o3xrw','grahasmin@gmail.com','https://fanqcall.com/','イーストン','えええ','DDD',NULL,NULL,NULL,NULL,NULL,NULL,'2023-08-18 06:39:56'),
('rzmc','o3xrw','grahasmin+12@gmail.com','https://el-com.biz/','イーストン','おおお','EEE',NULL,NULL,NULL,NULL,NULL,NULL,'2023-08-18 13:45:06'),
('sbdg','o3xrw','superstar0601.dev+2@gmail.com','https://markemist.jp/','日本ホテル','ううう','CCC',NULL,NULL,NULL,NULL,NULL,NULL,'2023-08-17 21:58:15'),
('shv6','o3xrw','grahasmin+12@gmail.com','https://el-com.biz/','イーストン','おおお','EEE',NULL,NULL,NULL,NULL,NULL,NULL,'2023-08-18 06:39:57'),
('sjgd','o3xrw','youhei_0525@hotmail.co.jp','https://fanqcall.com/','イーストン','えええ','DDD',NULL,NULL,NULL,NULL,NULL,NULL,'2023-08-02 11:07:11'),
('soey','o3xrw','rostyle95@gmail.com','https://calltree.jp/','ロイヤルパークホテル','あああ','AAA',NULL,NULL,NULL,NULL,NULL,NULL,'2023-08-18 10:25:27'),
('tasm','o3xrw','grahasmin+12@gmail.com','https://el-com.biz/','イーストン','おおお','EEE',NULL,NULL,NULL,NULL,NULL,NULL,'2023-08-15 12:35:13'),
('tg0z','o3xrw','grahasmin@gmail.com','https://fanqcall.com/','イーストン','えええ','DDD',NULL,NULL,NULL,NULL,NULL,NULL,'2023-08-18 10:25:27'),
('tjf6','o3xrw','grahasmin+12@gmail.com','https://el-com.biz/','イーストン','おおお','EEE',NULL,NULL,NULL,NULL,NULL,NULL,'2023-08-18 13:45:05'),
('tjkp','o3xrw','grahasmin@gmail.com','','株式会社99999-8','吉田','八',NULL,NULL,NULL,NULL,NULL,NULL,'2023-08-23 14:15:03'),
('tnbc','ooo','rostyle95+98@gmail.com','','株式会社99999-8','吉田','八',NULL,NULL,NULL,NULL,NULL,NULL,'2023-08-19 10:45:02'),
('trzi','ooo',NULL,'http:aaa.com','株式会社99999-9','坂本','九',NULL,NULL,NULL,NULL,NULL,NULL,'2023-08-24 09:02:47'),
('ts70','o3xrw','info@el-com.biz','https://markemist.jp/','日本ホテル','ううう','CCC',NULL,NULL,NULL,NULL,NULL,NULL,'2023-08-02 11:07:11'),
('ty48','o3xrw','mail@markemist.jp','https://calltree.jp/','ロイヤルパークホテル','あああ','AAA',NULL,NULL,NULL,NULL,NULL,NULL,'2023-08-02 10:54:33'),
('u01t','ooo','rostyle95+99@gmail.com','','株式会社99999-9','坂本','九',NULL,NULL,NULL,NULL,NULL,NULL,'2023-08-16 11:21:48'),
('u041','o3xrw','superstar0601.dev@gmail.com','','株式会社99999-9','坂本','九',NULL,NULL,NULL,NULL,NULL,NULL,'2023-08-23 14:15:02'),
('uh9l','o3xrw',NULL,'https://global-coms.biz/','株式会社IIIIIIIII','いいい','BBB',NULL,NULL,NULL,NULL,NULL,NULL,'2023-08-06 03:28:29'),
('ulgr','o3xrw','superstar0601.dev+2@gmail.com','https://markemist.jp/','日本ホテル','ううう','CCC',NULL,NULL,NULL,NULL,NULL,NULL,'2023-08-18 10:29:16'),
('ulic','o3xrw','grahasmin+12@gmail.com','https://el-com.biz/','イーストン','おおお','EEE',NULL,NULL,NULL,NULL,NULL,NULL,'2023-08-18 10:29:17'),
('ulx5','o3xrw','superstar0601.dev+2@gmail.com','https://markemist.jp/','日本ホテル','ううう','CCC',NULL,NULL,NULL,NULL,NULL,NULL,'2023-08-18 10:25:28'),
('unzi','o3xrw','info@el-com.biz','https://markemist.jp/','日本ホテル','ううう','CCC',NULL,NULL,NULL,NULL,NULL,NULL,'2023-08-02 10:56:07'),
('urw7','o3xrw','sales@calltree.jp','https://el-com.biz/','イーストン','おおお','EEE',NULL,NULL,NULL,NULL,NULL,NULL,'2023-08-02 11:07:11'),
('uvkj','testtest',NULL,'https://global-coms.biz/','株式会社IIIIIIIII','いいい','BBB',NULL,NULL,NULL,NULL,NULL,NULL,'2023-08-23 18:51:53'),
('v08y','o3xrw','superstar0601.dev@gmail.com','','株式会社99999-9','坂本','九',NULL,NULL,NULL,NULL,NULL,NULL,'2023-08-23 14:40:02'),
('v0en','o3xrw','superstar0601.dev+2@gmail.com','https://markemist.jp/','日本ホテル','ううう','CCC',NULL,NULL,NULL,NULL,NULL,NULL,'2023-08-18 22:13:08'),
('v1zp','o3xrw','superstar0601.dev+2@gmail.com','https://markemist.jp/','日本ホテル','ううう','CCC',NULL,NULL,NULL,NULL,NULL,NULL,'2023-08-18 10:44:14'),
('v32o','o3xrw','grahasmin@gmail.com','https://fanqcall.com/','イーストン','えええ','DDD',NULL,NULL,NULL,NULL,NULL,NULL,'2023-08-17 23:58:49'),
('v3cj','o3xrw','grahasmin@gmail.com','','株式会社99999-8','吉田','八',NULL,NULL,NULL,NULL,NULL,NULL,'2023-08-23 13:15:04'),
('v5ej','o3xrw','rostyle95@gmail.com','https://calltree.jp/','ロイヤルパークホテル','あああ','AAA',NULL,NULL,NULL,NULL,NULL,NULL,'2023-08-22 16:45:05'),
('vaey','o3xrw','grahasmin@gmail.com','','株式会社99999-8','吉田','八',NULL,NULL,NULL,NULL,NULL,NULL,'2023-08-23 14:40:02'),
('vchg','o3xrw','youhei_0525@hotmail.co.jp','https://fanqcall.com/','イーストン','えええ','DDD',NULL,NULL,NULL,NULL,NULL,NULL,'2023-08-02 10:56:07'),
('vdjl','o3xrw','rostyle95@gmail.com','https://calltree.jp/','ロイヤルパークホテル','あああ','AAA',NULL,NULL,NULL,NULL,NULL,NULL,'2023-08-18 10:29:16'),
('vkc5','o3xrw',NULL,'https://el-com.biz/','イーストン','おおお','EEE',NULL,NULL,NULL,NULL,NULL,NULL,'2023-08-05 00:27:21'),
('vm1k','ooo',NULL,'http:aaa.com','','','','','',NULL,'',NULL,'https://lh3.googleusercontent.com/cm/AJSPFByMnCdY6qIH0jW3KMCBgL64riRjTR4Ddqu_I30YLknfhTL0GKiEBLFnr-wf4qCD=s100','2023-07-19 11:38:22'),
('vo06','o3xrw','superstar0601.dev+2@gmail.com','https://markemist.jp/','日本ホテル','ううう','CCC',NULL,NULL,NULL,NULL,NULL,NULL,'2023-08-17 21:25:56'),
('vtmx','o3xrw',NULL,'https://global-coms.biz/','カーディナル','いいい','BBB',NULL,NULL,NULL,NULL,NULL,NULL,'2023-08-05 00:27:21'),
('vymr','o3xrw','grahasmin+12@gmail.com','https://el-com.biz/','イーストン','おおお','EEE',NULL,NULL,NULL,NULL,NULL,NULL,'2023-08-17 21:58:16'),
('vz9c','o3xrw','superstar0601.dev@gmail.com','https://global-coms.biz/','カーディナル','いいい','BBB',NULL,NULL,NULL,NULL,NULL,NULL,'2023-08-15 12:34:44'),
('w1ze','o3xrw','superstar0601.dev@gmail.com','https://global-coms.biz/','カーディナル','いいい','BBB',NULL,NULL,NULL,NULL,NULL,NULL,'2023-08-17 23:23:41'),
('w3pz','o3xrw','sales@calltree.jp','https://el-com.biz/','イーストン','おおお','EEE',NULL,NULL,NULL,NULL,NULL,NULL,'2023-08-02 10:54:33'),
('w7vb','o3xrw','rostyle95@gmail.com','https://calltree.jp/','ロイヤルパークホテル','あああ','AAA',NULL,NULL,NULL,NULL,NULL,NULL,'2023-08-17 23:12:09'),
('welu','test',NULL,'','','','','','',NULL,'',NULL,'https://lh3.googleusercontent.com/cm/AJSPFByMnCdY6qIH0jW3KMCBgL64riRjTR4Ddqu_I30YLknfhTL0GKiEBLFnr-wf4qCD=s100','2023-07-24 22:50:28'),
('wf98','o3xrw',NULL,'https://calltree.jp/','ロイヤルパークホテル','あああ','AAA',NULL,NULL,NULL,NULL,NULL,NULL,'2023-08-05 00:27:21'),
('wshv','o3xrw','grahasmin@gmail.com','','株式会社99999-8','吉田','八',NULL,NULL,NULL,NULL,NULL,NULL,'2023-08-23 14:25:02'),
('wt89','o3xrw','superstar0601.dev@gmail.com','https://global-coms.biz/','カーディナル','いいい','BBB',NULL,NULL,NULL,NULL,NULL,NULL,'2023-08-18 10:25:27'),
('wv5m','3tpig','','','','','','','',NULL,'',NULL,'https://lh3.googleusercontent.com/cm/AJSPFByMnCdY6qIH0jW3KMCBgL64riRjTR4Ddqu_I30YLknfhTL0GKiEBLFnr-wf4qCD=s100','2023-07-18 11:46:41'),
('wy4e','o3xrw','superstar0601.dev+2@gmail.com','https://markemist.jp/','日本ホテル','ううう','CCC',NULL,NULL,NULL,NULL,NULL,NULL,'2023-08-17 22:08:05'),
('x4wk','o3xrw','aaaaainfo@global-coms.biz','https://global-coms.biz/','カーディナル','いいい','BBB',NULL,NULL,NULL,NULL,NULL,NULL,'2023-08-02 10:56:07'),
('x68t','testtest','aaaaainfo@global-coms.biz','https://global-coms.biz/','株式会社IIIIIIIII','いいい','BBB',NULL,NULL,NULL,NULL,NULL,NULL,'2023-08-23 19:00:03'),
('x96v','o3xrw','superstar0601.dev+2@gmail.com','https://markemist.jp/','日本ホテル','ううう','CCC',NULL,NULL,NULL,NULL,NULL,NULL,'2023-08-17 23:31:14'),
('x9p0','o3xrw','superstar0601.dev+2@gmail.com','https://markemist.jp/','日本ホテル','ううう','CCC',NULL,NULL,NULL,NULL,NULL,NULL,'2023-08-02 11:40:02'),
('x9sh','o3xrw','superstar0601.dev+2@gmail.com','https://markemist.jp/','日本ホテル','ううう','CCC',NULL,NULL,NULL,NULL,NULL,NULL,'2023-08-05 00:30:39'),
('xasm','o3xrw','superstar0601.dev@gmail.com','https://global-coms.biz/','カーディナル','いいい','BBB',NULL,NULL,NULL,NULL,NULL,NULL,'2023-08-18 06:57:59'),
('xd5g','ooo','rostyle95+99@gmail.com','','株式会社99999-9','坂本','九',NULL,NULL,NULL,NULL,NULL,NULL,'2023-08-19 10:45:01'),
('xfsq','o3xrw','info@el-com.biz','https://markemist.jp/','日本ホテル','ううう','CCC',NULL,NULL,NULL,NULL,NULL,NULL,'2023-08-02 10:24:17'),
('xhf2','o3xrw','grahasmin@gmail.com','https://fanqcall.com/','イーストン','えええ','DDD',NULL,NULL,NULL,NULL,NULL,NULL,'2023-08-15 12:35:13'),
('xlei','ooo','a@.com','http:.com','a','a','a',NULL,NULL,NULL,NULL,NULL,NULL,'2023-08-18 02:48:40'),
('xmgb','o3xrw','grahasmin+12@gmail.com','https://el-com.biz/','イーストン','おおお','EEE',NULL,NULL,NULL,NULL,NULL,NULL,'2023-08-22 16:45:06'),
('xqw3','ooo',NULL,'http:bbb.com','株式会社99999-8','吉田','八',NULL,NULL,NULL,NULL,NULL,NULL,'2023-08-24 09:02:47'),
('xt6k','o3xrw','rostyle95@gmail.com','https://calltree.jp/','ロイヤルパークホテル','あああ','AAA',NULL,NULL,NULL,NULL,NULL,NULL,'2023-08-18 18:23:27'),
('xusk','o3xrw','grahasmin@gmail.com','https://fanqcall.com/','イーストン','えええ','DDD',NULL,NULL,NULL,NULL,NULL,NULL,'2023-08-18 13:45:02'),
('xwqb','o3xrw','rostyle95@gmail.com','https://calltree.jp/','ロイヤルパークホテル','あああ','AAA',NULL,NULL,NULL,NULL,NULL,NULL,'2023-08-18 10:31:47'),
('xwyt','o3xrw','grahasmin+12@gmail.com','https://el-com.biz/','イーストン','おおお','EEE',NULL,NULL,NULL,NULL,NULL,NULL,'2023-08-17 22:44:31'),
('xyh6','testtest','mail@markemist.jp','https://calltree.jp/','株式会社AAAAAAA','あああ','AAA',NULL,NULL,NULL,NULL,NULL,NULL,'2023-08-23 18:47:18'),
('y25s','o3xrw',NULL,'https://fanqcall.com/','株式会社EEEEE','えええ','DDD',NULL,NULL,NULL,NULL,NULL,NULL,'2023-08-06 03:28:29'),
('y2ti','o3xrw','superstar0601.dev+2@gmail.com','https://markemist.jp/','日本ホテル','ううう','CCC',NULL,NULL,NULL,NULL,NULL,NULL,'2023-08-17 23:23:42'),
('y514','o3xrw','grahasmin@gmail.com','','株式会社99999-8','吉田','八',NULL,NULL,NULL,NULL,NULL,NULL,'2023-08-23 14:25:02'),
('y6e4','o3xrw','superstar0601.dev@gmail.com','','株式会社99999-9','坂本','九',NULL,NULL,NULL,NULL,NULL,NULL,'2023-08-23 14:50:12'),
('yb5f','ooo','rostyle95+98@gmail.com','','株式会社99999-8','吉田','八',NULL,NULL,NULL,NULL,NULL,NULL,'2023-08-23 01:35:02'),
('yci6','o3xrw','superstar0601.dev@gmail.com','https://global-coms.biz/','カーディナル','いいい','BBB',NULL,NULL,NULL,NULL,NULL,NULL,'2023-08-17 23:58:50'),
('yd6q','o3xrw','rostyle95@gmail.com','https://calltree.jp/','ロイヤルパークホテル','あああ','AAA',NULL,NULL,NULL,NULL,NULL,NULL,'2023-08-18 06:39:57'),
('yim0','ooo','rostyle95+99@gmail.com','','株式会社99999-9','坂本','九',NULL,NULL,NULL,NULL,NULL,NULL,'2023-08-23 01:35:02'),
('ypq4','o3xrw','grahasmin+12@gmail.com','https://el-com.biz/','イーストン','おおお','EEE',NULL,NULL,NULL,NULL,NULL,NULL,'2023-08-17 23:23:42'),
('yqoz','o3xrw','sales@calltree.jp','https://el-com.biz/','イーストン','おおお','EEE',NULL,NULL,NULL,NULL,NULL,NULL,'2023-08-02 10:24:17'),
('z0n4','o3xrw','aaaaainfo@global-coms.biz','https://global-coms.biz/','カーディナル','いいい','BBB',NULL,NULL,NULL,NULL,NULL,NULL,'2023-08-18 18:23:26'),
('z3um','o3xrw','superstar0601.dev@gmail.com','https://global-coms.biz/','カーディナル','いいい','BBB',NULL,NULL,NULL,NULL,NULL,NULL,'2023-08-18 13:45:04'),
('z85u','ooo','rostyle95+99@gmail.com','','株式会社99999-9','坂本','九',NULL,NULL,NULL,NULL,NULL,NULL,'2023-08-18 14:10:02'),
('zbq6','o3xrw','superstar0601.dev+2@gmail.com','https://markemist.jp/','日本ホテル','ううう','CCC',NULL,NULL,NULL,NULL,NULL,NULL,'2023-08-15 12:35:13'),
('zclf','o3xrw','grahasmin@gmail.com','https://fanqcall.com/','イーストン','えええ','DDD',NULL,NULL,NULL,NULL,NULL,NULL,'2023-08-17 22:08:04'),
('zjcg','o3xrw','superstar0601.dev@gmail.com','https://global-coms.biz/','カーディナル','いいい','BBB',NULL,NULL,NULL,NULL,NULL,NULL,'2023-08-02 11:40:02'),
('zp5t','o3xrw','grahasmin@gmail.com','https://fanqcall.com/','イーストン','えええ','DDD',NULL,NULL,NULL,NULL,NULL,NULL,'2023-08-17 21:58:14'),
('zshc','o3xrw','superstar0601.dev+2@gmail.com','https://markemist.jp/','日本ホテル','ううう','CCC',NULL,NULL,NULL,NULL,NULL,NULL,'2023-08-18 13:45:05'),
('zv5c','ooo','rostyle95+99@gmail.com','','株式会社99999-9','坂本','九',NULL,NULL,NULL,NULL,NULL,NULL,'2023-08-21 19:06:28');

/*!40101 SET SQL_MODE=@OLD_SQL_MODE */;
/*!40014 SET FOREIGN_KEY_CHECKS=@OLD_FOREIGN_KEY_CHECKS */;
/*!40014 SET UNIQUE_CHECKS=@OLD_UNIQUE_CHECKS */;
/*!40111 SET SQL_NOTES=@OLD_SQL_NOTES */;
